date_time,maxtempC,mintempC,totalSnow_cm,sunHour,uvIndex,moon_illumination,moonrise,moonset,sunrise,sunset,DewPointC,FeelsLikeC,HeatIndexC,WindChillC,WindGustKmph,cloudcover,humidity,precipMM,pressure,tempC,visibility,winddirDegree,windspeedKmph,location
2018-09-20 00:00:00,33,25,0.0,8.9,7,72,03:35 PM,03:06 AM,06:55 AM,07:01 PM,23,29,29,26,4,29,83,0.0,1010,25,10,26,3,singapore
2018-09-20 01:00:00,33,25,0.0,8.9,7,72,03:35 PM,03:06 AM,06:55 AM,07:01 PM,23,29,29,26,3,27,84,0.0,1010,25,10,27,2,singapore
2018-09-20 02:00:00,33,25,0.0,8.9,7,72,03:35 PM,03:06 AM,06:55 AM,07:01 PM,23,29,29,26,3,24,84,0.0,1009,25,10,28,2,singapore
2018-09-20 03:00:00,33,25,0.0,8.9,7,72,03:35 PM,03:06 AM,06:55 AM,07:01 PM,23,29,29,26,2,22,84,0.0,1009,25,10,30,1,singapore
2018-09-20 04:00:00,33,25,0.0,8.9,7,72,03:35 PM,03:06 AM,06:55 AM,07:01 PM,23,29,29,26,2,25,83,0.0,1010,25,10,130,1,singapore
2018-09-20 05:00:00,33,25,0.0,8.9,7,72,03:35 PM,03:06 AM,06:55 AM,07:01 PM,23,30,30,27,2,28,81,0.0,1010,26,10,231,2,singapore
2018-09-20 06:00:00,33,25,0.0,8.9,7,72,03:35 PM,03:06 AM,06:55 AM,07:01 PM,23,31,31,27,3,31,80,0.0,1010,26,10,332,2,singapore
2018-09-20 07:00:00,33,25,0.0,8.9,7,72,03:35 PM,03:06 AM,06:55 AM,07:01 PM,23,34,34,29,2,38,71,0.0,1010,29,10,235,2,singapore
2018-09-20 08:00:00,33,25,0.0,8.9,7,72,03:35 PM,03:06 AM,06:55 AM,07:01 PM,23,36,36,32,2,45,61,0.1,1010,31,10,138,2,singapore
2018-09-20 09:00:00,33,25,0.0,8.9,7,72,03:35 PM,03:06 AM,06:55 AM,07:01 PM,23,39,39,34,2,51,52,0.1,1011,33,10,41,1,singapore
2018-09-20 10:00:00,33,25,0.0,8.9,7,72,03:35 PM,03:06 AM,06:55 AM,07:01 PM,23,38,38,33,3,64,54,0.1,1010,33,10,91,3,singapore
2018-09-20 11:00:00,33,25,0.0,8.9,7,72,03:35 PM,03:06 AM,06:55 AM,07:01 PM,23,37,37,33,5,77,56,0.0,1010,32,10,141,5,singapore
2018-09-20 12:00:00,33,25,0.0,8.9,7,72,03:35 PM,03:06 AM,06:55 AM,07:01 PM,23,37,37,32,7,90,58,0.0,1009,32,10,191,6,singapore
2018-09-20 13:00:00,33,25,0.0,8.9,7,72,03:35 PM,03:06 AM,06:55 AM,07:01 PM,23,36,36,32,8,73,60,0.0,1009,31,9,174,6,singapore
2018-09-20 14:00:00,33,25,0.0,8.9,7,72,03:35 PM,03:06 AM,06:55 AM,07:01 PM,23,36,36,31,9,56,62,1.5,1008,31,8,157,6,singapore
2018-09-20 15:00:00,33,25,0.0,8.9,7,72,03:35 PM,03:06 AM,06:55 AM,07:01 PM,23,36,36,31,10,39,63,2.0,1008,30,7,141,6,singapore
2018-09-20 16:00:00,33,25,0.0,8.9,7,72,03:35 PM,03:06 AM,06:55 AM,07:01 PM,23,34,34,30,8,49,68,1.0,1008,29,8,120,5,singapore
2018-09-20 17:00:00,33,25,0.0,8.9,7,72,03:35 PM,03:06 AM,06:55 AM,07:01 PM,23,32,32,28,6,60,72,0.0,1009,28,9,100,4,singapore
2018-09-20 18:00:00,33,25,0.0,8.9,7,72,03:35 PM,03:06 AM,06:55 AM,07:01 PM,23,30,30,27,4,70,76,0.0,1009,27,10,80,3,singapore
2018-09-20 19:00:00,33,25,0.0,8.9,7,72,03:35 PM,03:06 AM,06:55 AM,07:01 PM,23,30,30,27,5,68,77,0.0,1010,27,10,85,3,singapore
2018-09-20 20:00:00,33,25,0.0,8.9,7,72,03:35 PM,03:06 AM,06:55 AM,07:01 PM,23,30,30,27,5,65,79,0.6,1010,27,10,89,3,singapore
2018-09-20 21:00:00,33,25,0.0,8.9,7,72,03:35 PM,03:06 AM,06:55 AM,07:01 PM,23,30,30,27,6,63,80,0.8,1011,26,10,94,3,singapore
2018-09-20 22:00:00,33,25,0.0,8.9,7,72,03:35 PM,03:06 AM,06:55 AM,07:01 PM,23,30,30,27,5,69,81,0.4,1011,26,10,116,3,singapore
2018-09-20 23:00:00,33,25,0.0,8.9,7,72,03:35 PM,03:06 AM,06:55 AM,07:01 PM,23,30,30,27,5,74,81,0.0,1010,26,10,139,3,singapore
2018-09-21 00:00:00,32,26,0.0,11.6,6,80,04:21 PM,03:53 AM,06:54 AM,07:01 PM,23,30,30,27,5,80,82,0.0,1010,26,10,162,3,singapore
2018-09-21 01:00:00,32,26,0.0,11.6,6,80,04:21 PM,03:53 AM,06:54 AM,07:01 PM,23,30,30,27,4,69,82,0.0,1010,26,10,165,2,singapore
2018-09-21 02:00:00,32,26,0.0,11.6,6,80,04:21 PM,03:53 AM,06:54 AM,07:01 PM,23,30,30,26,3,57,83,0.0,1010,26,10,168,2,singapore
2018-09-21 03:00:00,32,26,0.0,11.6,6,80,04:21 PM,03:53 AM,06:54 AM,07:01 PM,23,30,30,26,2,46,83,0.0,1009,26,10,171,1,singapore
2018-09-21 04:00:00,32,26,0.0,11.6,6,80,04:21 PM,03:53 AM,06:54 AM,07:01 PM,24,30,30,27,2,40,82,0.0,1010,26,10,205,1,singapore
2018-09-21 05:00:00,32,26,0.0,11.6,6,80,04:21 PM,03:53 AM,06:54 AM,07:01 PM,24,31,31,27,2,34,81,0.0,1010,27,10,240,1,singapore
2018-09-21 06:00:00,32,26,0.0,11.6,6,80,04:21 PM,03:53 AM,06:54 AM,07:01 PM,24,32,32,28,1,28,80,0.0,1011,27,10,274,1,singapore
2018-09-21 07:00:00,32,26,0.0,11.6,6,80,04:21 PM,03:53 AM,06:54 AM,07:01 PM,24,34,34,29,3,30,74,0.0,1011,28,10,245,3,singapore
2018-09-21 08:00:00,32,26,0.0,11.6,6,80,04:21 PM,03:53 AM,06:54 AM,07:01 PM,24,36,36,31,5,32,67,0.2,1011,30,9,215,4,singapore
2018-09-21 09:00:00,32,26,0.0,11.6,6,80,04:21 PM,03:53 AM,06:54 AM,07:01 PM,24,38,38,32,7,34,61,0.3,1011,32,9,185,5,singapore
2018-09-21 10:00:00,32,26,0.0,11.6,6,80,04:21 PM,03:53 AM,06:54 AM,07:01 PM,24,37,37,32,7,36,62,0.1,1011,31,9,186,6,singapore
2018-09-21 11:00:00,32,26,0.0,11.6,6,80,04:21 PM,03:53 AM,06:54 AM,07:01 PM,24,37,37,31,7,38,64,0.0,1011,31,10,187,6,singapore
2018-09-21 12:00:00,32,26,0.0,11.6,6,80,04:21 PM,03:53 AM,06:54 AM,07:01 PM,24,36,36,31,7,41,65,0.0,1010,30,10,188,6,singapore
2018-09-21 13:00:00,32,26,0.0,11.6,6,80,04:21 PM,03:53 AM,06:54 AM,07:01 PM,24,35,35,30,9,36,67,0.0,1010,30,8,178,6,singapore
2018-09-21 14:00:00,32,26,0.0,11.6,6,80,04:21 PM,03:53 AM,06:54 AM,07:01 PM,24,35,35,30,10,32,68,2.6,1010,29,5,169,6,singapore
2018-09-21 15:00:00,32,26,0.0,11.6,6,80,04:21 PM,03:53 AM,06:54 AM,07:01 PM,24,34,34,30,12,28,70,3.5,1009,29,3,159,6,singapore
2018-09-21 16:00:00,32,26,0.0,11.6,6,80,04:21 PM,03:53 AM,06:54 AM,07:01 PM,23,33,33,29,9,35,73,1.7,1010,28,5,174,5,singapore
2018-09-21 17:00:00,32,26,0.0,11.6,6,80,04:21 PM,03:53 AM,06:54 AM,07:01 PM,23,31,31,28,6,43,76,0.0,1010,27,8,188,3,singapore
2018-09-21 18:00:00,32,26,0.0,11.6,6,80,04:21 PM,03:53 AM,06:54 AM,07:01 PM,23,30,30,27,3,50,79,0.0,1011,27,10,203,2,singapore
2018-09-21 19:00:00,32,26,0.0,11.6,6,80,04:21 PM,03:53 AM,06:54 AM,07:01 PM,23,30,30,27,5,40,80,0.0,1011,26,10,203,3,singapore
2018-09-21 20:00:00,32,26,0.0,11.6,6,80,04:21 PM,03:53 AM,06:54 AM,07:01 PM,23,30,30,27,6,30,80,0.0,1011,26,10,204,4,singapore
2018-09-21 21:00:00,32,26,0.0,11.6,6,80,04:21 PM,03:53 AM,06:54 AM,07:01 PM,23,30,30,27,7,19,81,0.0,1012,26,10,205,5,singapore
2018-09-21 22:00:00,32,26,0.0,11.6,6,80,04:21 PM,03:53 AM,06:54 AM,07:01 PM,23,30,30,27,8,19,81,0.0,1012,26,10,206,5,singapore
2018-09-21 23:00:00,32,26,0.0,11.6,6,80,04:21 PM,03:53 AM,06:54 AM,07:01 PM,23,30,30,27,8,19,82,0.0,1012,26,10,208,5,singapore
2018-09-22 00:00:00,31,25,0.0,10.3,7,87,05:07 PM,04:40 AM,06:54 AM,07:01 PM,24,30,30,27,8,18,83,0.0,1012,26,10,209,5,singapore
2018-09-22 01:00:00,31,25,0.0,10.3,7,87,05:07 PM,04:40 AM,06:54 AM,07:01 PM,24,30,30,27,8,19,83,0.0,1012,26,10,205,6,singapore
2018-09-22 02:00:00,31,25,0.0,10.3,7,87,05:07 PM,04:40 AM,06:54 AM,07:01 PM,24,30,30,26,9,19,84,0.4,1011,26,9,201,6,singapore
2018-09-22 03:00:00,31,25,0.0,10.3,7,87,05:07 PM,04:40 AM,06:54 AM,07:01 PM,24,30,30,26,9,19,85,0.5,1011,25,9,197,6,singapore
2018-09-22 04:00:00,31,25,0.0,10.3,7,87,05:07 PM,04:40 AM,06:54 AM,07:01 PM,24,30,30,27,9,21,84,0.3,1011,26,9,200,6,singapore
2018-09-22 05:00:00,31,25,0.0,10.3,7,87,05:07 PM,04:40 AM,06:54 AM,07:01 PM,24,31,31,27,8,23,83,0.0,1012,26,10,203,6,singapore
2018-09-22 06:00:00,31,25,0.0,10.3,7,87,05:07 PM,04:40 AM,06:54 AM,07:01 PM,24,31,31,27,8,25,82,0.0,1012,27,10,206,6,singapore
2018-09-22 07:00:00,31,25,0.0,10.3,7,87,05:07 PM,04:40 AM,06:54 AM,07:01 PM,24,33,33,29,8,26,76,0.0,1012,28,10,203,7,singapore
2018-09-22 08:00:00,31,25,0.0,10.3,7,87,05:07 PM,04:40 AM,06:54 AM,07:01 PM,24,34,34,30,9,26,71,0.0,1012,29,10,199,8,singapore
2018-09-22 09:00:00,31,25,0.0,10.3,7,87,05:07 PM,04:40 AM,06:54 AM,07:01 PM,24,36,36,31,10,26,65,0.0,1012,30,10,196,9,singapore
2018-09-22 10:00:00,31,25,0.0,10.3,7,87,05:07 PM,04:40 AM,06:54 AM,07:01 PM,24,36,36,31,10,25,64,0.0,1012,31,10,195,9,singapore
2018-09-22 11:00:00,31,25,0.0,10.3,7,87,05:07 PM,04:40 AM,06:54 AM,07:01 PM,24,37,37,31,11,24,63,0.0,1012,31,10,194,9,singapore
2018-09-22 12:00:00,31,25,0.0,10.3,7,87,05:07 PM,04:40 AM,06:54 AM,07:01 PM,24,37,37,32,11,22,62,0.0,1011,31,10,193,10,singapore
2018-09-22 13:00:00,31,25,0.0,10.3,7,87,05:07 PM,04:40 AM,06:54 AM,07:01 PM,23,37,37,31,12,21,63,0.0,1011,31,10,180,10,singapore
2018-09-22 14:00:00,31,25,0.0,10.3,7,87,05:07 PM,04:40 AM,06:54 AM,07:01 PM,23,36,36,31,13,19,63,0.4,1010,31,9,167,10,singapore
2018-09-22 15:00:00,31,25,0.0,10.3,7,87,05:07 PM,04:40 AM,06:54 AM,07:01 PM,23,36,36,31,14,17,63,0.5,1010,31,9,154,10,singapore
2018-09-22 16:00:00,31,25,0.0,10.3,7,87,05:07 PM,04:40 AM,06:54 AM,07:01 PM,23,34,34,30,12,33,69,0.2,1010,29,9,143,9,singapore
2018-09-22 17:00:00,31,25,0.0,10.3,7,87,05:07 PM,04:40 AM,06:54 AM,07:01 PM,23,33,33,29,10,48,74,0.0,1011,28,10,132,7,singapore
2018-09-22 18:00:00,31,25,0.0,10.3,7,87,05:07 PM,04:40 AM,06:54 AM,07:01 PM,24,31,31,28,8,63,79,0.0,1011,27,10,122,5,singapore
2018-09-22 19:00:00,31,25,0.0,10.3,7,87,05:07 PM,04:40 AM,06:54 AM,07:01 PM,24,31,31,27,8,55,79,0.0,1011,27,10,126,5,singapore
2018-09-22 20:00:00,31,25,0.0,10.3,7,87,05:07 PM,04:40 AM,06:54 AM,07:01 PM,23,31,31,27,9,47,79,0.0,1012,27,10,130,6,singapore
2018-09-22 21:00:00,31,25,0.0,10.3,7,87,05:07 PM,04:40 AM,06:54 AM,07:01 PM,23,31,31,27,9,39,79,0.0,1012,27,10,135,6,singapore
2018-09-22 22:00:00,31,25,0.0,10.3,7,87,05:07 PM,04:40 AM,06:54 AM,07:01 PM,23,31,31,27,9,32,79,0.0,1012,27,10,144,6,singapore
2018-09-22 23:00:00,31,25,0.0,10.3,7,87,05:07 PM,04:40 AM,06:54 AM,07:01 PM,23,31,31,27,9,26,79,0.0,1012,27,10,153,6,singapore
2018-09-23 00:00:00,33,26,0.0,11.6,7,95,05:51 PM,05:26 AM,06:54 AM,07:00 PM,23,31,31,27,8,20,79,0.0,1012,26,10,162,6,singapore
2018-09-23 01:00:00,33,26,0.0,11.6,7,95,05:51 PM,05:26 AM,06:54 AM,07:00 PM,23,31,31,27,7,19,79,0.0,1012,26,10,155,5,singapore
2018-09-23 02:00:00,33,26,0.0,11.6,7,95,05:51 PM,05:26 AM,06:54 AM,07:00 PM,23,31,31,27,7,18,80,0.0,1011,26,10,149,5,singapore
2018-09-23 03:00:00,33,26,0.0,11.6,7,95,05:51 PM,05:26 AM,06:54 AM,07:00 PM,23,30,30,27,6,17,80,0.0,1011,26,10,142,4,singapore
2018-09-23 04:00:00,33,26,0.0,11.6,7,95,05:51 PM,05:26 AM,06:54 AM,07:00 PM,23,31,31,28,5,17,79,0.0,1012,27,10,146,4,singapore
2018-09-23 05:00:00,33,26,0.0,11.6,7,95,05:51 PM,05:26 AM,06:54 AM,07:00 PM,24,32,32,28,4,18,77,0.0,1012,27,10,150,3,singapore
2018-09-23 06:00:00,33,26,0.0,11.6,7,95,05:51 PM,05:26 AM,06:54 AM,07:00 PM,24,33,33,29,4,18,75,0.0,1012,28,10,154,3,singapore
2018-09-23 07:00:00,33,26,0.0,11.6,7,95,05:51 PM,05:26 AM,06:54 AM,07:00 PM,23,34,34,30,6,17,69,0.0,1012,29,10,157,6,singapore
2018-09-23 08:00:00,33,26,0.0,11.6,7,95,05:51 PM,05:26 AM,06:54 AM,07:00 PM,23,35,35,31,9,17,63,0.0,1013,30,10,160,8,singapore
2018-09-23 09:00:00,33,26,0.0,11.6,7,95,05:51 PM,05:26 AM,06:54 AM,07:00 PM,22,36,36,32,12,16,57,0.0,1013,31,10,163,10,singapore
2018-09-23 10:00:00,33,26,0.0,11.6,7,95,05:51 PM,05:26 AM,06:54 AM,07:00 PM,22,37,37,32,12,13,55,0.0,1012,32,10,161,11,singapore
2018-09-23 11:00:00,33,26,0.0,11.6,7,95,05:51 PM,05:26 AM,06:54 AM,07:00 PM,22,37,37,33,13,9,53,0.0,1012,32,10,158,12,singapore
2018-09-23 12:00:00,33,26,0.0,11.6,7,95,05:51 PM,05:26 AM,06:54 AM,07:00 PM,22,37,37,33,14,6,51,0.0,1011,33,10,156,12,singapore
2018-09-23 13:00:00,33,26,0.0,11.6,7,95,05:51 PM,05:26 AM,06:54 AM,07:00 PM,21,37,37,33,14,6,51,0.0,1011,32,10,155,13,singapore
2018-09-23 14:00:00,33,26,0.0,11.6,7,95,05:51 PM,05:26 AM,06:54 AM,07:00 PM,21,36,36,32,15,5,52,0.0,1010,32,10,153,13,singapore
2018-09-23 15:00:00,33,26,0.0,11.6,7,95,05:51 PM,05:26 AM,06:54 AM,07:00 PM,21,36,36,32,15,5,52,0.0,1010,32,10,152,13,singapore
2018-09-23 16:00:00,33,26,0.0,11.6,7,95,05:51 PM,05:26 AM,06:54 AM,07:00 PM,22,35,35,31,14,5,58,0.0,1010,31,10,148,11,singapore
2018-09-23 17:00:00,33,26,0.0,11.6,7,95,05:51 PM,05:26 AM,06:54 AM,07:00 PM,22,34,34,30,12,4,63,0.0,1010,29,10,144,9,singapore
2018-09-23 18:00:00,33,26,0.0,11.6,7,95,05:51 PM,05:26 AM,06:54 AM,07:00 PM,23,33,33,29,11,4,69,0.0,1010,28,10,141,8,singapore
2018-09-23 19:00:00,33,26,0.0,11.6,7,95,05:51 PM,05:26 AM,06:54 AM,07:00 PM,23,32,32,29,12,4,71,0.0,1011,28,10,140,8,singapore
2018-09-23 20:00:00,33,26,0.0,11.6,7,95,05:51 PM,05:26 AM,06:54 AM,07:00 PM,23,32,32,28,13,4,72,0.0,1011,28,10,140,9,singapore
2018-09-23 21:00:00,33,26,0.0,11.6,7,95,05:51 PM,05:26 AM,06:54 AM,07:00 PM,23,32,32,28,14,4,74,0.0,1012,27,10,140,9,singapore
2018-09-23 22:00:00,33,26,0.0,11.6,7,95,05:51 PM,05:26 AM,06:54 AM,07:00 PM,23,32,32,28,12,5,75,0.0,1012,27,10,140,8,singapore
2018-09-23 23:00:00,33,26,0.0,11.6,7,95,05:51 PM,05:26 AM,06:54 AM,07:00 PM,23,32,32,28,11,5,75,0.0,1012,27,10,140,8,singapore
2018-09-24 00:00:00,33,26,0.0,11.6,7,100,06:35 PM,06:10 AM,06:53 AM,07:00 PM,24,32,32,28,10,5,75,0.0,1012,27,10,140,7,singapore
2018-09-24 01:00:00,33,26,0.0,11.6,7,100,06:35 PM,06:10 AM,06:53 AM,07:00 PM,24,32,32,28,9,5,76,0.0,1011,27,10,138,7,singapore
2018-09-24 02:00:00,33,26,0.0,11.6,7,100,06:35 PM,06:10 AM,06:53 AM,07:00 PM,24,32,32,28,9,5,77,0.0,1011,27,10,135,7,singapore
2018-09-24 03:00:00,33,26,0.0,11.6,7,100,06:35 PM,06:10 AM,06:53 AM,07:00 PM,24,32,32,28,9,5,77,0.0,1011,26,10,132,7,singapore
2018-09-24 04:00:00,33,26,0.0,11.6,7,100,06:35 PM,06:10 AM,06:53 AM,07:00 PM,24,33,33,29,8,5,77,0.0,1011,27,10,133,6,singapore
2018-09-24 05:00:00,33,26,0.0,11.6,7,100,06:35 PM,06:10 AM,06:53 AM,07:00 PM,24,34,34,29,7,5,76,0.0,1011,27,10,135,5,singapore
2018-09-24 06:00:00,33,26,0.0,11.6,7,100,06:35 PM,06:10 AM,06:53 AM,07:00 PM,25,36,36,30,5,5,75,0.0,1012,28,10,136,5,singapore
2018-09-24 07:00:00,33,26,0.0,11.6,7,100,06:35 PM,06:10 AM,06:53 AM,07:00 PM,24,36,36,31,8,5,70,0.0,1012,29,10,141,7,singapore
2018-09-24 08:00:00,33,26,0.0,11.6,7,100,06:35 PM,06:10 AM,06:53 AM,07:00 PM,24,37,37,31,10,5,65,0.0,1012,30,10,147,9,singapore
2018-09-24 09:00:00,33,26,0.0,11.6,7,100,06:35 PM,06:10 AM,06:53 AM,07:00 PM,23,38,38,32,13,6,60,0.0,1012,32,10,153,11,singapore
2018-09-24 10:00:00,33,26,0.0,11.6,7,100,06:35 PM,06:10 AM,06:53 AM,07:00 PM,23,38,38,33,14,7,57,0.0,1012,32,10,153,12,singapore
2018-09-24 11:00:00,33,26,0.0,11.6,7,100,06:35 PM,06:10 AM,06:53 AM,07:00 PM,22,38,38,33,15,8,54,0.0,1011,32,10,152,13,singapore
2018-09-24 12:00:00,33,26,0.0,11.6,7,100,06:35 PM,06:10 AM,06:53 AM,07:00 PM,22,37,37,33,15,9,51,0.0,1011,33,10,152,13,singapore
2018-09-24 13:00:00,33,26,0.0,11.6,7,100,06:35 PM,06:10 AM,06:53 AM,07:00 PM,22,37,37,33,15,9,51,0.0,1010,33,10,153,13,singapore
2018-09-24 14:00:00,33,26,0.0,11.6,7,100,06:35 PM,06:10 AM,06:53 AM,07:00 PM,21,36,36,32,15,8,52,0.0,1010,32,10,153,13,singapore
2018-09-24 15:00:00,33,26,0.0,11.6,7,100,06:35 PM,06:10 AM,06:53 AM,07:00 PM,21,36,36,32,15,8,53,0.0,1009,32,10,154,13,singapore
2018-09-24 16:00:00,33,26,0.0,11.6,7,100,06:35 PM,06:10 AM,06:53 AM,07:00 PM,22,35,35,31,14,8,59,0.0,1009,31,10,145,12,singapore
2018-09-24 17:00:00,33,26,0.0,11.6,7,100,06:35 PM,06:10 AM,06:53 AM,07:00 PM,22,34,34,30,13,7,64,0.0,1009,29,10,136,10,singapore
2018-09-24 18:00:00,33,26,0.0,11.6,7,100,06:35 PM,06:10 AM,06:53 AM,07:00 PM,23,32,32,29,12,7,70,0.0,1010,28,10,127,8,singapore
2018-09-24 19:00:00,33,26,0.0,11.6,7,100,06:35 PM,06:10 AM,06:53 AM,07:00 PM,23,32,32,28,12,7,72,0.0,1010,28,10,127,8,singapore
2018-09-24 20:00:00,33,26,0.0,11.6,7,100,06:35 PM,06:10 AM,06:53 AM,07:00 PM,23,32,32,28,12,7,75,0.0,1011,27,10,127,8,singapore
2018-09-24 21:00:00,33,26,0.0,11.6,7,100,06:35 PM,06:10 AM,06:53 AM,07:00 PM,23,31,31,28,12,8,77,0.0,1011,27,10,127,8,singapore
2018-09-24 22:00:00,33,26,0.0,11.6,7,100,06:35 PM,06:10 AM,06:53 AM,07:00 PM,23,32,32,28,11,8,77,0.0,1011,27,10,124,8,singapore
2018-09-24 23:00:00,33,26,0.0,11.6,7,100,06:35 PM,06:10 AM,06:53 AM,07:00 PM,24,32,32,28,10,9,78,0.0,1011,27,10,122,7,singapore
2018-09-25 00:00:00,33,26,0.0,11.6,7,100,07:19 PM,06:55 AM,06:53 AM,07:00 PM,24,32,32,28,9,9,79,0.0,1011,27,10,119,6,singapore
2018-09-25 01:00:00,33,26,0.0,11.6,7,100,07:19 PM,06:55 AM,06:53 AM,07:00 PM,24,31,31,28,9,9,79,0.0,1011,26,10,117,6,singapore
2018-09-25 02:00:00,33,26,0.0,11.6,7,100,07:19 PM,06:55 AM,06:53 AM,07:00 PM,24,31,31,27,9,10,80,0.0,1010,26,10,114,6,singapore
2018-09-25 03:00:00,33,26,0.0,11.6,7,100,07:19 PM,06:55 AM,06:53 AM,07:00 PM,24,31,31,27,9,10,80,0.0,1010,26,10,111,6,singapore
2018-09-25 04:00:00,33,26,0.0,11.6,7,100,07:19 PM,06:55 AM,06:53 AM,07:00 PM,24,32,32,28,8,10,79,0.0,1010,27,10,109,6,singapore
2018-09-25 05:00:00,33,26,0.0,11.6,7,100,07:19 PM,06:55 AM,06:53 AM,07:00 PM,24,33,33,28,8,9,77,0.0,1011,27,10,107,6,singapore
2018-09-25 06:00:00,33,26,0.0,11.6,7,100,07:19 PM,06:55 AM,06:53 AM,07:00 PM,24,33,33,29,7,9,75,0.0,1011,28,10,105,6,singapore
2018-09-25 07:00:00,33,26,0.0,11.6,7,100,07:19 PM,06:55 AM,06:53 AM,07:00 PM,24,35,35,30,8,9,69,0.0,1011,29,10,119,7,singapore
2018-09-25 08:00:00,33,26,0.0,11.6,7,100,07:19 PM,06:55 AM,06:53 AM,07:00 PM,23,36,36,31,9,9,63,0.0,1011,30,10,132,8,singapore
2018-09-25 09:00:00,33,26,0.0,11.6,7,100,07:19 PM,06:55 AM,06:53 AM,07:00 PM,23,38,38,33,10,9,57,0.0,1012,32,10,145,9,singapore
2018-09-25 10:00:00,33,26,0.0,11.6,7,100,07:19 PM,06:55 AM,06:53 AM,07:00 PM,23,38,38,33,10,14,55,0.0,1011,32,10,149,9,singapore
2018-09-25 11:00:00,33,26,0.0,11.6,7,100,07:19 PM,06:55 AM,06:53 AM,07:00 PM,22,38,38,33,10,19,53,0.0,1011,33,10,153,9,singapore
2018-09-25 12:00:00,33,26,0.0,11.6,7,100,07:19 PM,06:55 AM,06:53 AM,07:00 PM,22,39,39,34,10,24,52,0.0,1010,33,10,158,9,singapore
2018-09-25 13:00:00,33,26,0.0,11.6,7,100,07:19 PM,06:55 AM,06:53 AM,07:00 PM,22,38,38,33,11,27,53,0.0,1010,33,10,156,9,singapore
2018-09-25 14:00:00,33,26,0.0,11.6,7,100,07:19 PM,06:55 AM,06:53 AM,07:00 PM,22,37,37,32,11,29,55,0.0,1009,32,10,154,9,singapore
2018-09-25 15:00:00,33,26,0.0,11.6,7,100,07:19 PM,06:55 AM,06:53 AM,07:00 PM,22,36,36,32,11,31,57,0.1,1008,32,10,152,10,singapore
2018-09-25 16:00:00,33,26,0.0,11.6,7,100,07:19 PM,06:55 AM,06:53 AM,07:00 PM,23,35,35,31,12,25,62,0.0,1009,30,10,136,9,singapore
2018-09-25 17:00:00,33,26,0.0,11.6,7,100,07:19 PM,06:55 AM,06:53 AM,07:00 PM,23,34,34,30,12,18,68,0.0,1009,29,10,119,9,singapore
2018-09-25 18:00:00,33,26,0.0,11.6,7,100,07:19 PM,06:55 AM,06:53 AM,07:00 PM,23,32,32,29,13,11,74,0.0,1009,28,10,102,9,singapore
2018-09-25 19:00:00,33,26,0.0,11.6,7,100,07:19 PM,06:55 AM,06:53 AM,07:00 PM,24,32,32,28,13,10,76,0.0,1010,28,10,105,9,singapore
2018-09-25 20:00:00,33,26,0.0,11.6,7,100,07:19 PM,06:55 AM,06:53 AM,07:00 PM,24,32,32,28,13,9,78,0.0,1010,27,10,109,9,singapore
2018-09-25 21:00:00,33,26,0.0,11.6,7,100,07:19 PM,06:55 AM,06:53 AM,07:00 PM,24,32,32,28,13,8,79,0.0,1011,27,10,112,9,singapore
2018-09-25 22:00:00,33,26,0.0,11.6,7,100,07:19 PM,06:55 AM,06:53 AM,07:00 PM,24,32,32,28,12,10,80,0.0,1010,27,10,117,8,singapore
2018-09-25 23:00:00,33,26,0.0,11.6,7,100,07:19 PM,06:55 AM,06:53 AM,07:00 PM,24,32,32,28,11,12,81,0.0,1010,27,10,123,8,singapore
2018-09-26 00:00:00,33,26,0.0,11.6,7,83,08:04 PM,07:40 AM,06:53 AM,06:59 PM,24,32,32,28,10,13,81,0.0,1010,27,10,128,7,singapore
2018-09-26 01:00:00,33,26,0.0,11.6,7,83,08:04 PM,07:40 AM,06:53 AM,06:59 PM,24,32,32,28,10,13,82,0.0,1010,27,10,129,7,singapore
2018-09-26 02:00:00,33,26,0.0,11.6,7,83,08:04 PM,07:40 AM,06:53 AM,06:59 PM,24,31,31,27,9,12,82,0.0,1009,26,10,130,6,singapore
2018-09-26 03:00:00,33,26,0.0,11.6,7,83,08:04 PM,07:40 AM,06:53 AM,06:59 PM,24,31,31,27,9,12,83,0.0,1009,26,10,130,6,singapore
2018-09-26 04:00:00,33,26,0.0,11.6,7,83,08:04 PM,07:40 AM,06:53 AM,06:59 PM,24,32,32,28,7,14,81,0.0,1009,27,10,128,5,singapore
2018-09-26 05:00:00,33,26,0.0,11.6,7,83,08:04 PM,07:40 AM,06:53 AM,06:59 PM,24,33,33,28,5,16,79,0.0,1010,27,10,125,4,singapore
2018-09-26 06:00:00,33,26,0.0,11.6,7,83,08:04 PM,07:40 AM,06:53 AM,06:59 PM,25,34,34,29,4,18,77,0.0,1010,28,10,123,3,singapore
2018-09-26 07:00:00,33,26,0.0,11.6,7,83,08:04 PM,07:40 AM,06:53 AM,06:59 PM,24,35,35,30,6,15,70,0.0,1011,29,10,127,5,singapore
2018-09-26 08:00:00,33,26,0.0,11.6,7,83,08:04 PM,07:40 AM,06:53 AM,06:59 PM,24,37,37,32,8,11,64,0.2,1011,31,10,131,7,singapore
2018-09-26 09:00:00,33,26,0.0,11.6,7,83,08:04 PM,07:40 AM,06:53 AM,06:59 PM,23,38,38,33,11,8,57,0.2,1011,32,10,136,9,singapore
2018-09-26 10:00:00,33,26,0.0,11.6,7,83,08:04 PM,07:40 AM,06:53 AM,06:59 PM,23,39,39,33,11,8,56,0.1,1011,32,10,134,9,singapore
2018-09-26 11:00:00,33,26,0.0,11.6,7,83,08:04 PM,07:40 AM,06:53 AM,06:59 PM,23,39,39,33,11,9,55,0.0,1010,33,10,132,9,singapore
2018-09-26 12:00:00,33,26,0.0,11.6,7,83,08:04 PM,07:40 AM,06:53 AM,06:59 PM,23,39,39,34,11,9,55,0.0,1010,33,10,129,10,singapore
2018-09-26 13:00:00,33,26,0.0,11.6,7,83,08:04 PM,07:40 AM,06:53 AM,06:59 PM,23,38,38,33,12,11,57,0.0,1009,32,10,130,10,singapore
2018-09-26 14:00:00,33,26,0.0,11.6,7,83,08:04 PM,07:40 AM,06:53 AM,06:59 PM,23,37,37,32,13,13,59,0.2,1009,32,9,130,11,singapore
2018-09-26 15:00:00,33,26,0.0,11.6,7,83,08:04 PM,07:40 AM,06:53 AM,06:59 PM,23,36,36,32,14,15,61,0.2,1008,31,9,131,12,singapore
2018-09-26 16:00:00,33,26,0.0,11.6,7,83,08:04 PM,07:40 AM,06:53 AM,06:59 PM,24,35,35,30,13,25,68,0.1,1008,30,9,125,10,singapore
2018-09-26 17:00:00,33,26,0.0,11.6,7,83,08:04 PM,07:40 AM,06:53 AM,06:59 PM,24,33,33,29,12,35,75,0.0,1009,29,10,120,9,singapore
2018-09-26 18:00:00,33,26,0.0,11.6,7,83,08:04 PM,07:40 AM,06:53 AM,06:59 PM,24,32,32,28,11,45,82,0.0,1009,27,10,115,7,singapore
2018-09-26 19:00:00,33,26,0.0,11.6,7,83,08:04 PM,07:40 AM,06:53 AM,06:59 PM,24,31,31,27,12,37,82,0.0,1010,27,9,118,8,singapore
2018-09-26 20:00:00,33,26,0.0,11.6,7,83,08:04 PM,07:40 AM,06:53 AM,06:59 PM,24,31,31,27,13,29,82,1.2,1010,27,8,121,8,singapore
2018-09-26 21:00:00,33,26,0.0,11.6,7,83,08:04 PM,07:40 AM,06:53 AM,06:59 PM,24,31,31,27,14,20,83,1.6,1011,27,7,124,8,singapore
2018-09-26 22:00:00,33,26,0.0,11.6,7,83,08:04 PM,07:40 AM,06:53 AM,06:59 PM,24,31,31,27,13,18,82,0.8,1011,27,8,129,8,singapore
2018-09-26 23:00:00,33,26,0.0,11.6,7,83,08:04 PM,07:40 AM,06:53 AM,06:59 PM,24,31,31,27,11,15,82,0.0,1011,27,9,134,7,singapore
2018-09-27 00:00:00,33,26,0.0,11.6,7,75,08:49 PM,08:26 AM,06:53 AM,06:59 PM,24,31,31,27,10,13,82,0.0,1010,26,10,139,6,singapore
2018-09-27 01:00:00,33,26,0.0,11.6,7,75,08:49 PM,08:26 AM,06:53 AM,06:59 PM,24,31,31,27,9,12,82,0.0,1010,26,10,143,6,singapore
2018-09-27 02:00:00,33,26,0.0,11.6,7,75,08:49 PM,08:26 AM,06:53 AM,06:59 PM,24,31,31,27,9,11,82,0.0,1010,26,10,147,6,singapore
2018-09-27 03:00:00,33,26,0.0,11.6,7,75,08:49 PM,08:26 AM,06:53 AM,06:59 PM,24,31,31,27,8,10,82,0.0,1009,26,10,151,6,singapore
2018-09-27 04:00:00,33,26,0.0,11.6,7,75,08:49 PM,08:26 AM,06:53 AM,06:59 PM,24,32,32,28,7,11,80,0.0,1009,27,10,145,5,singapore
2018-09-27 05:00:00,33,26,0.0,11.6,7,75,08:49 PM,08:26 AM,06:53 AM,06:59 PM,24,33,33,28,6,12,79,0.0,1010,27,10,139,4,singapore
2018-09-27 06:00:00,33,26,0.0,11.6,7,75,08:49 PM,08:26 AM,06:53 AM,06:59 PM,25,34,34,29,4,12,77,0.0,1010,28,10,132,4,singapore
2018-09-27 07:00:00,33,26,0.0,11.6,7,75,08:49 PM,08:26 AM,06:53 AM,06:59 PM,24,35,35,30,7,11,71,0.0,1010,29,10,138,6,singapore
2018-09-27 08:00:00,33,26,0.0,11.6,7,75,08:49 PM,08:26 AM,06:53 AM,06:59 PM,23,36,36,31,9,11,65,0.0,1010,30,10,144,8,singapore
2018-09-27 09:00:00,33,26,0.0,11.6,7,75,08:49 PM,08:26 AM,06:53 AM,06:59 PM,23,37,37,32,12,10,58,0.0,1011,32,10,149,10,singapore
2018-09-27 10:00:00,33,26,0.0,11.6,7,75,08:49 PM,08:26 AM,06:53 AM,06:59 PM,23,37,37,32,13,12,57,0.0,1010,32,10,151,11,singapore
2018-09-27 11:00:00,33,26,0.0,11.6,7,75,08:49 PM,08:26 AM,06:53 AM,06:59 PM,23,38,38,33,14,15,56,0.0,1010,32,10,153,12,singapore
2018-09-27 12:00:00,33,26,0.0,11.6,7,75,08:49 PM,08:26 AM,06:53 AM,06:59 PM,23,38,38,33,15,17,55,0.0,1009,33,10,155,13,singapore
2018-09-27 13:00:00,33,26,0.0,11.6,7,75,08:49 PM,08:26 AM,06:53 AM,06:59 PM,23,38,38,33,14,17,56,0.0,1009,32,10,154,12,singapore
2018-09-27 14:00:00,33,26,0.0,11.6,7,75,08:49 PM,08:26 AM,06:53 AM,06:59 PM,23,37,37,32,14,16,58,0.0,1008,32,10,152,12,singapore
2018-09-27 15:00:00,33,26,0.0,11.6,7,75,08:49 PM,08:26 AM,06:53 AM,06:59 PM,23,36,36,32,14,16,60,0.0,1007,31,10,151,12,singapore
2018-09-27 16:00:00,33,26,0.0,11.6,7,75,08:49 PM,08:26 AM,06:53 AM,06:59 PM,23,35,35,31,13,14,64,0.0,1008,30,10,148,11,singapore
2018-09-27 17:00:00,33,26,0.0,11.6,7,75,08:49 PM,08:26 AM,06:53 AM,06:59 PM,23,34,34,30,13,13,68,0.0,1008,29,10,145,9,singapore
2018-09-27 18:00:00,33,26,0.0,11.6,7,75,08:49 PM,08:26 AM,06:53 AM,06:59 PM,23,33,33,29,12,12,72,0.0,1008,28,10,142,8,singapore
2018-09-27 19:00:00,33,26,0.0,11.6,7,75,08:49 PM,08:26 AM,06:53 AM,06:59 PM,23,33,33,29,12,14,74,0.0,1009,28,10,139,8,singapore
2018-09-27 20:00:00,33,26,0.0,11.6,7,75,08:49 PM,08:26 AM,06:53 AM,06:59 PM,23,32,32,28,12,16,75,0.0,1009,28,10,135,8,singapore
2018-09-27 21:00:00,33,26,0.0,11.6,7,75,08:49 PM,08:26 AM,06:53 AM,06:59 PM,24,32,32,28,12,17,76,0.0,1010,28,10,132,8,singapore
2018-09-27 22:00:00,33,26,0.0,11.6,7,75,08:49 PM,08:26 AM,06:53 AM,06:59 PM,24,32,32,28,11,15,77,0.0,1010,27,10,128,7,singapore
2018-09-27 23:00:00,33,26,0.0,11.6,7,75,08:49 PM,08:26 AM,06:53 AM,06:59 PM,24,32,32,28,10,13,77,0.0,1009,27,10,123,7,singapore
2018-09-28 00:00:00,33,27,0.0,11.6,7,68,09:38 PM,09:14 AM,06:52 AM,06:58 PM,24,32,32,28,8,10,78,0.0,1009,27,10,118,6,singapore
2018-09-28 01:00:00,33,27,0.0,11.6,7,68,09:38 PM,09:14 AM,06:52 AM,06:58 PM,24,32,32,28,8,11,79,0.0,1009,27,10,119,6,singapore
2018-09-28 02:00:00,33,27,0.0,11.6,7,68,09:38 PM,09:14 AM,06:52 AM,06:58 PM,24,32,32,28,9,12,79,0.0,1009,27,10,120,6,singapore
2018-09-28 03:00:00,33,27,0.0,11.6,7,68,09:38 PM,09:14 AM,06:52 AM,06:58 PM,24,31,31,28,9,12,80,0.0,1008,27,10,121,6,singapore
2018-09-28 04:00:00,33,27,0.0,11.6,7,68,09:38 PM,09:14 AM,06:52 AM,06:58 PM,24,32,32,28,8,14,78,0.0,1009,27,10,127,6,singapore
2018-09-28 05:00:00,33,27,0.0,11.6,7,68,09:38 PM,09:14 AM,06:52 AM,06:58 PM,24,33,33,28,8,15,77,0.0,1009,28,10,132,6,singapore
2018-09-28 06:00:00,33,27,0.0,11.6,7,68,09:38 PM,09:14 AM,06:52 AM,06:58 PM,24,33,33,29,7,17,75,0.0,1009,28,10,138,6,singapore
2018-09-28 07:00:00,33,27,0.0,11.6,7,68,09:38 PM,09:14 AM,06:52 AM,06:58 PM,23,34,34,30,9,14,69,0.0,1010,29,10,136,8,singapore
2018-09-28 08:00:00,33,27,0.0,11.6,7,68,09:38 PM,09:14 AM,06:52 AM,06:58 PM,23,36,36,31,11,12,63,0.0,1010,30,10,135,9,singapore
2018-09-28 09:00:00,33,27,0.0,11.6,7,68,09:38 PM,09:14 AM,06:52 AM,06:58 PM,22,37,37,32,13,9,56,0.1,1010,32,10,133,11,singapore
2018-09-28 10:00:00,33,27,0.0,11.6,7,68,09:38 PM,09:14 AM,06:52 AM,06:58 PM,22,37,37,32,13,9,55,0.0,1010,32,10,136,12,singapore
2018-09-28 11:00:00,33,27,0.0,11.6,7,68,09:38 PM,09:14 AM,06:52 AM,06:58 PM,22,37,37,33,14,10,54,0.0,1009,32,10,139,12,singapore
2018-09-28 12:00:00,33,27,0.0,11.6,7,68,09:38 PM,09:14 AM,06:52 AM,06:58 PM,22,38,38,33,14,10,53,0.0,1009,33,10,142,12,singapore
2018-09-28 13:00:00,33,27,0.0,11.6,7,68,09:38 PM,09:14 AM,06:52 AM,06:58 PM,22,37,37,33,15,9,53,0.0,1008,33,10,143,13,singapore
2018-09-28 14:00:00,33,27,0.0,11.6,7,68,09:38 PM,09:14 AM,06:52 AM,06:58 PM,22,37,37,32,15,8,54,0.0,1008,32,10,144,13,singapore
2018-09-28 15:00:00,33,27,0.0,11.6,7,68,09:38 PM,09:14 AM,06:52 AM,06:58 PM,22,36,36,32,16,8,54,0.0,1008,32,10,145,14,singapore
2018-09-28 16:00:00,33,27,0.0,11.6,7,68,09:38 PM,09:14 AM,06:52 AM,06:58 PM,22,35,35,31,15,9,60,0.0,1008,31,10,142,12,singapore
2018-09-28 17:00:00,33,27,0.0,11.6,7,68,09:38 PM,09:14 AM,06:52 AM,06:58 PM,23,34,34,30,15,11,66,0.0,1008,29,10,140,11,singapore
2018-09-28 18:00:00,33,27,0.0,11.6,7,68,09:38 PM,09:14 AM,06:52 AM,06:58 PM,23,32,32,29,14,13,71,0.0,1008,28,10,138,9,singapore
2018-09-28 19:00:00,33,27,0.0,11.6,7,68,09:38 PM,09:14 AM,06:52 AM,06:58 PM,23,32,32,28,14,15,73,0.0,1009,28,10,139,9,singapore
2018-09-28 20:00:00,33,27,0.0,11.6,7,68,09:38 PM,09:14 AM,06:52 AM,06:58 PM,23,32,32,28,14,17,75,0.0,1009,28,10,139,9,singapore
2018-09-28 21:00:00,33,27,0.0,11.6,7,68,09:38 PM,09:14 AM,06:52 AM,06:58 PM,23,32,32,28,14,20,76,0.0,1010,28,10,140,9,singapore
2018-09-28 22:00:00,33,27,0.0,11.6,7,68,09:38 PM,09:14 AM,06:52 AM,06:58 PM,24,32,32,28,12,23,77,0.0,1009,27,10,133,8,singapore
2018-09-28 23:00:00,33,27,0.0,11.6,7,68,09:38 PM,09:14 AM,06:52 AM,06:58 PM,24,32,32,28,11,26,78,0.0,1009,27,10,127,7,singapore
2018-09-29 00:00:00,33,26,0.0,11.6,7,60,10:28 PM,10:04 AM,06:52 AM,06:58 PM,24,32,32,28,9,30,79,0.0,1009,27,10,121,6,singapore
2018-09-29 01:00:00,33,26,0.0,11.6,7,60,10:28 PM,10:04 AM,06:52 AM,06:58 PM,24,31,31,28,9,27,80,0.0,1009,27,10,122,6,singapore
2018-09-29 02:00:00,33,26,0.0,11.6,7,60,10:28 PM,10:04 AM,06:52 AM,06:58 PM,24,31,31,27,9,24,81,0.6,1009,27,9,124,6,singapore
2018-09-29 03:00:00,33,26,0.0,11.6,7,60,10:28 PM,10:04 AM,06:52 AM,06:58 PM,24,31,31,27,9,21,81,0.8,1008,26,9,126,6,singapore
2018-09-29 04:00:00,33,26,0.0,11.6,7,60,10:28 PM,10:04 AM,06:52 AM,06:58 PM,24,32,32,28,8,20,79,0.4,1009,27,9,127,6,singapore
2018-09-29 05:00:00,33,26,0.0,11.6,7,60,10:28 PM,10:04 AM,06:52 AM,06:58 PM,24,32,32,28,7,19,76,0.0,1009,28,10,129,6,singapore
2018-09-29 06:00:00,33,26,0.0,11.6,7,60,10:28 PM,10:04 AM,06:52 AM,06:58 PM,24,33,33,29,6,18,74,0.0,1009,28,10,131,5,singapore
2018-09-29 07:00:00,33,26,0.0,11.6,7,60,10:28 PM,10:04 AM,06:52 AM,06:58 PM,23,34,34,30,8,17,67,0.0,1009,29,10,132,7,singapore
2018-09-29 08:00:00,33,26,0.0,11.6,7,60,10:28 PM,10:04 AM,06:52 AM,06:58 PM,22,35,35,31,10,16,61,0.0,1009,31,10,133,9,singapore
2018-09-29 09:00:00,33,26,0.0,11.6,7,60,10:28 PM,10:04 AM,06:52 AM,06:58 PM,22,36,36,32,12,15,54,0.0,1010,32,10,134,10,singapore
2018-09-29 10:00:00,33,26,0.0,11.6,7,60,10:28 PM,10:04 AM,06:52 AM,06:58 PM,22,37,37,33,12,16,53,0.0,1009,32,10,136,11,singapore
2018-09-29 11:00:00,33,26,0.0,11.6,7,60,10:28 PM,10:04 AM,06:52 AM,06:58 PM,22,38,38,33,12,16,52,0.0,1009,33,10,138,11,singapore
2018-09-29 12:00:00,33,26,0.0,11.6,7,60,10:28 PM,10:04 AM,06:52 AM,06:58 PM,22,38,38,34,12,17,51,0.0,1009,33,10,141,11,singapore
2018-09-29 13:00:00,33,26,0.0,11.6,7,60,10:28 PM,10:04 AM,06:52 AM,06:58 PM,22,38,38,33,13,15,53,0.0,1008,33,10,142,12,singapore
2018-09-29 14:00:00,33,26,0.0,11.6,7,60,10:28 PM,10:04 AM,06:52 AM,06:58 PM,22,37,37,33,14,13,54,0.0,1008,32,10,143,12,singapore
2018-09-29 15:00:00,33,26,0.0,11.6,7,60,10:28 PM,10:04 AM,06:52 AM,06:58 PM,22,37,37,32,15,12,56,0.0,1007,32,10,144,13,singapore
2018-09-29 16:00:00,33,26,0.0,11.6,7,60,10:28 PM,10:04 AM,06:52 AM,06:58 PM,23,35,35,31,15,11,61,0.0,1007,31,10,140,12,singapore
2018-09-29 17:00:00,33,26,0.0,11.6,7,60,10:28 PM,10:04 AM,06:52 AM,06:58 PM,23,34,34,30,14,10,66,0.0,1008,30,10,137,11,singapore
2018-09-29 18:00:00,33,26,0.0,11.6,7,60,10:28 PM,10:04 AM,06:52 AM,06:58 PM,23,33,33,29,14,10,72,0.0,1008,28,10,133,9,singapore
2018-09-29 19:00:00,33,26,0.0,11.6,7,60,10:28 PM,10:04 AM,06:52 AM,06:58 PM,23,33,33,29,14,9,73,0.0,1009,28,10,134,9,singapore
2018-09-29 20:00:00,33,26,0.0,11.6,7,60,10:28 PM,10:04 AM,06:52 AM,06:58 PM,24,32,32,28,14,8,75,0.0,1009,28,10,134,9,singapore
2018-09-29 21:00:00,33,26,0.0,11.6,7,60,10:28 PM,10:04 AM,06:52 AM,06:58 PM,24,32,32,28,14,8,77,0.0,1009,28,10,134,9,singapore
2018-09-29 22:00:00,33,26,0.0,11.6,7,60,10:28 PM,10:04 AM,06:52 AM,06:58 PM,24,32,32,28,13,8,77,0.0,1009,27,10,131,9,singapore
2018-09-29 23:00:00,33,26,0.0,11.6,7,60,10:28 PM,10:04 AM,06:52 AM,06:58 PM,24,32,32,28,12,8,77,0.0,1009,27,10,128,9,singapore
2018-09-30 00:00:00,33,27,0.0,11.6,7,52,11:22 PM,10:57 AM,06:52 AM,06:58 PM,24,32,32,28,11,8,77,0.0,1009,27,10,125,8,singapore
2018-09-30 01:00:00,33,27,0.0,11.6,7,52,11:22 PM,10:57 AM,06:52 AM,06:58 PM,24,32,32,28,11,8,77,0.0,1008,27,10,123,8,singapore
2018-09-30 02:00:00,33,27,0.0,11.6,7,52,11:22 PM,10:57 AM,06:52 AM,06:58 PM,23,32,32,28,11,7,77,0.0,1008,27,10,120,8,singapore
2018-09-30 03:00:00,33,27,0.0,11.6,7,52,11:22 PM,10:57 AM,06:52 AM,06:58 PM,23,31,31,28,12,7,77,0.0,1008,27,10,118,8,singapore
2018-09-30 04:00:00,33,27,0.0,11.6,7,52,11:22 PM,10:57 AM,06:52 AM,06:58 PM,23,32,32,28,11,12,76,0.0,1008,27,10,118,8,singapore
2018-09-30 05:00:00,33,27,0.0,11.6,7,52,11:22 PM,10:57 AM,06:52 AM,06:58 PM,23,32,32,28,11,18,74,0.0,1009,28,10,119,9,singapore
2018-09-30 06:00:00,33,27,0.0,11.6,7,52,11:22 PM,10:57 AM,06:52 AM,06:58 PM,23,33,33,29,10,23,73,0.0,1009,28,10,119,9,singapore
2018-09-30 07:00:00,33,27,0.0,11.6,7,52,11:22 PM,10:57 AM,06:52 AM,06:58 PM,23,34,34,30,11,20,68,0.0,1009,29,10,124,10,singapore
2018-09-30 08:00:00,33,27,0.0,11.6,7,52,11:22 PM,10:57 AM,06:52 AM,06:58 PM,23,36,36,31,12,17,63,0.0,1009,31,10,128,11,singapore
2018-09-30 09:00:00,33,27,0.0,11.6,7,52,11:22 PM,10:57 AM,06:52 AM,06:58 PM,23,37,37,32,14,14,59,0.0,1009,32,10,133,12,singapore
2018-09-30 10:00:00,33,27,0.0,11.6,7,52,11:22 PM,10:57 AM,06:52 AM,06:58 PM,23,38,38,33,14,15,57,0.0,1009,32,10,133,12,singapore
2018-09-30 11:00:00,33,27,0.0,11.6,7,52,11:22 PM,10:57 AM,06:52 AM,06:58 PM,23,39,39,33,14,17,55,0.0,1009,33,10,132,12,singapore
2018-09-30 12:00:00,33,27,0.0,11.6,7,52,11:22 PM,10:57 AM,06:52 AM,06:58 PM,23,39,39,34,14,18,54,0.0,1008,33,10,132,12,singapore
2018-09-30 13:00:00,33,27,0.0,11.6,7,52,11:22 PM,10:57 AM,06:52 AM,06:58 PM,23,39,39,33,15,16,57,0.0,1008,33,10,131,12,singapore
2018-09-30 14:00:00,33,27,0.0,11.6,7,52,11:22 PM,10:57 AM,06:52 AM,06:58 PM,23,38,38,32,17,14,60,0.3,1007,32,9,130,13,singapore
2018-09-30 15:00:00,33,27,0.0,11.6,7,52,11:22 PM,10:57 AM,06:52 AM,06:58 PM,24,37,37,32,18,12,63,0.4,1007,31,9,128,14,singapore
2018-09-30 16:00:00,33,27,0.0,11.6,7,52,11:22 PM,10:57 AM,06:52 AM,06:58 PM,24,36,36,31,17,14,68,0.2,1007,30,9,132,12,singapore
2018-09-30 17:00:00,33,27,0.0,11.6,7,52,11:22 PM,10:57 AM,06:52 AM,06:58 PM,24,35,35,30,15,16,73,0.0,1007,29,10,135,11,singapore
2018-09-30 18:00:00,33,27,0.0,11.6,7,52,11:22 PM,10:57 AM,06:52 AM,06:58 PM,24,33,33,29,14,18,78,0.0,1008,28,10,138,9,singapore
2018-09-30 19:00:00,33,27,0.0,11.6,7,52,11:22 PM,10:57 AM,06:52 AM,06:58 PM,24,33,33,28,14,15,79,0.0,1008,28,10,137,9,singapore
2018-09-30 20:00:00,33,27,0.0,11.6,7,52,11:22 PM,10:57 AM,06:52 AM,06:58 PM,25,33,33,28,15,11,81,0.6,1009,28,9,136,10,singapore
2018-09-30 21:00:00,33,27,0.0,11.6,7,52,11:22 PM,10:57 AM,06:52 AM,06:58 PM,25,33,33,28,16,8,82,0.7,1009,28,9,134,10,singapore
2018-09-30 22:00:00,33,27,0.0,11.6,7,52,11:22 PM,10:57 AM,06:52 AM,06:58 PM,24,33,33,28,16,10,81,0.4,1009,28,9,131,11,singapore
2018-09-30 23:00:00,33,27,0.0,11.6,7,52,11:22 PM,10:57 AM,06:52 AM,06:58 PM,24,33,33,28,16,12,79,0.0,1009,28,10,128,11,singapore
2018-10-01 00:00:00,32,28,0.0,11.6,7,51,No moonrise,11:52 AM,06:51 AM,06:57 PM,24,33,33,28,16,15,78,0.0,1009,28,10,124,12,singapore
2018-10-01 01:00:00,32,28,0.0,11.6,7,51,No moonrise,11:52 AM,06:51 AM,06:57 PM,24,33,33,28,15,15,78,0.0,1009,28,10,122,11,singapore
2018-10-01 02:00:00,32,28,0.0,11.6,7,51,No moonrise,11:52 AM,06:51 AM,06:57 PM,24,32,32,28,15,16,78,0.0,1009,28,10,119,11,singapore
2018-10-01 03:00:00,32,28,0.0,11.6,7,51,No moonrise,11:52 AM,06:51 AM,06:57 PM,24,32,32,28,14,17,78,0.0,1009,28,10,116,10,singapore
2018-10-01 04:00:00,32,28,0.0,11.6,7,51,No moonrise,11:52 AM,06:51 AM,06:57 PM,24,32,32,28,13,24,77,0.0,1009,28,10,121,10,singapore
2018-10-01 05:00:00,32,28,0.0,11.6,7,51,No moonrise,11:52 AM,06:51 AM,06:57 PM,24,32,32,28,13,31,77,0.0,1009,28,10,126,10,singapore
2018-10-01 06:00:00,32,28,0.0,11.6,7,51,No moonrise,11:52 AM,06:51 AM,06:57 PM,24,33,33,28,13,39,77,0.0,1010,28,10,131,10,singapore
2018-10-01 07:00:00,32,28,0.0,11.6,7,51,No moonrise,11:52 AM,06:51 AM,06:57 PM,24,34,34,30,13,29,72,0.0,1010,29,10,134,11,singapore
2018-10-01 08:00:00,32,28,0.0,11.6,7,51,No moonrise,11:52 AM,06:51 AM,06:57 PM,24,36,36,31,14,20,67,0.1,1010,30,10,136,12,singapore
2018-10-01 09:00:00,32,28,0.0,11.6,7,51,No moonrise,11:52 AM,06:51 AM,06:57 PM,24,37,37,32,14,10,62,0.1,1010,31,10,139,12,singapore
2018-10-01 10:00:00,32,28,0.0,11.6,7,51,No moonrise,11:52 AM,06:51 AM,06:57 PM,24,38,38,32,14,12,62,0.1,1010,32,10,140,12,singapore
2018-10-01 11:00:00,32,28,0.0,11.6,7,51,No moonrise,11:52 AM,06:51 AM,06:57 PM,24,38,38,32,13,14,62,0.0,1010,32,10,141,11,singapore
2018-10-01 12:00:00,32,28,0.0,11.6,7,51,No moonrise,11:52 AM,06:51 AM,06:57 PM,24,39,39,32,12,17,62,0.0,1009,32,10,142,10,singapore
2018-10-01 13:00:00,32,28,0.0,11.6,7,51,No moonrise,11:52 AM,06:51 AM,06:57 PM,24,38,38,32,13,18,62,0.0,1009,32,9,137,10,singapore
2018-10-01 14:00:00,32,28,0.0,11.6,7,51,No moonrise,11:52 AM,06:51 AM,06:57 PM,24,38,38,32,14,20,63,1.3,1008,31,8,133,9,singapore
2018-10-01 15:00:00,32,28,0.0,11.6,7,51,No moonrise,11:52 AM,06:51 AM,06:57 PM,24,37,37,32,16,22,63,1.7,1008,31,7,129,9,singapore
2018-10-01 16:00:00,32,28,0.0,11.6,7,51,No moonrise,11:52 AM,06:51 AM,06:57 PM,24,36,36,31,15,22,67,0.9,1008,30,8,128,9,singapore
2018-10-01 17:00:00,32,28,0.0,11.6,7,51,No moonrise,11:52 AM,06:51 AM,06:57 PM,24,34,34,30,15,21,70,0.0,1008,29,9,128,9,singapore
2018-10-01 18:00:00,32,28,0.0,11.6,7,51,No moonrise,11:52 AM,06:51 AM,06:57 PM,23,33,33,29,15,21,73,0.0,1009,28,10,127,9,singapore
2018-10-01 19:00:00,32,28,0.0,11.6,7,51,No moonrise,11:52 AM,06:51 AM,06:57 PM,24,33,33,29,14,20,74,0.0,1009,28,10,125,9,singapore
2018-10-01 20:00:00,32,28,0.0,11.6,7,51,No moonrise,11:52 AM,06:51 AM,06:57 PM,24,32,32,28,13,19,76,0.0,1009,28,10,123,8,singapore
2018-10-01 21:00:00,32,28,0.0,11.6,7,51,No moonrise,11:52 AM,06:51 AM,06:57 PM,24,32,32,28,12,18,77,0.0,1010,28,10,120,8,singapore
2018-10-01 22:00:00,32,28,0.0,11.6,7,51,No moonrise,11:52 AM,06:51 AM,06:57 PM,24,32,32,28,11,18,77,0.0,1010,27,10,117,7,singapore
2018-10-01 23:00:00,32,28,0.0,11.6,7,51,No moonrise,11:52 AM,06:51 AM,06:57 PM,24,32,32,28,10,19,78,0.0,1010,27,10,114,6,singapore
2018-10-02 00:00:00,34,26,0.0,11.6,7,43,12:17 AM,12:49 PM,06:51 AM,06:57 PM,24,32,32,28,8,19,79,0.0,1010,27,10,111,6,singapore
2018-10-02 01:00:00,34,26,0.0,11.6,7,43,12:17 AM,12:49 PM,06:51 AM,06:57 PM,24,31,31,28,8,19,79,0.0,1009,27,10,106,5,singapore
2018-10-02 02:00:00,34,26,0.0,11.6,7,43,12:17 AM,12:49 PM,06:51 AM,06:57 PM,24,31,31,27,7,19,80,0.0,1009,27,10,101,5,singapore
2018-10-02 03:00:00,34,26,0.0,11.6,7,43,12:17 AM,12:49 PM,06:51 AM,06:57 PM,24,31,31,27,7,19,80,0.0,1009,26,10,97,5,singapore
2018-10-02 04:00:00,34,26,0.0,11.6,7,43,12:17 AM,12:49 PM,06:51 AM,06:57 PM,24,32,32,28,6,20,78,0.0,1009,27,10,101,5,singapore
2018-10-02 05:00:00,34,26,0.0,11.6,7,43,12:17 AM,12:49 PM,06:51 AM,06:57 PM,24,33,33,29,6,20,75,0.0,1009,28,10,106,5,singapore
2018-10-02 06:00:00,34,26,0.0,11.6,7,43,12:17 AM,12:49 PM,06:51 AM,06:57 PM,24,33,33,29,5,21,72,0.0,1010,28,10,110,5,singapore
2018-10-02 07:00:00,34,26,0.0,11.6,7,43,12:17 AM,12:49 PM,06:51 AM,06:57 PM,23,35,35,30,7,21,66,0.0,1010,30,10,124,6,singapore
2018-10-02 08:00:00,34,26,0.0,11.6,7,43,12:17 AM,12:49 PM,06:51 AM,06:57 PM,23,36,36,32,8,21,59,0.0,1010,31,10,138,7,singapore
2018-10-02 09:00:00,34,26,0.0,11.6,7,43,12:17 AM,12:49 PM,06:51 AM,06:57 PM,22,38,38,33,9,21,53,0.0,1010,33,10,152,8,singapore
2018-10-02 10:00:00,34,26,0.0,11.6,7,43,12:17 AM,12:49 PM,06:51 AM,06:57 PM,22,38,38,34,9,23,51,0.0,1010,33,10,151,8,singapore
2018-10-02 11:00:00,34,26,0.0,11.6,7,43,12:17 AM,12:49 PM,06:51 AM,06:57 PM,22,39,39,34,10,25,50,0.0,1010,33,10,151,8,singapore
2018-10-02 12:00:00,34,26,0.0,11.6,7,43,12:17 AM,12:49 PM,06:51 AM,06:57 PM,22,39,39,34,10,27,49,0.0,1009,34,10,151,9,singapore
2018-10-02 13:00:00,34,26,0.0,11.6,7,43,12:17 AM,12:49 PM,06:51 AM,06:57 PM,22,39,39,34,11,26,51,0.0,1009,33,10,149,9,singapore
2018-10-02 14:00:00,34,26,0.0,11.6,7,43,12:17 AM,12:49 PM,06:51 AM,06:57 PM,22,38,38,33,12,25,53,0.0,1008,33,10,147,10,singapore
2018-10-02 15:00:00,34,26,0.0,11.6,7,43,12:17 AM,12:49 PM,06:51 AM,06:57 PM,22,37,37,33,13,24,55,0.0,1008,32,10,145,11,singapore
2018-10-02 16:00:00,34,26,0.0,11.6,7,43,12:17 AM,12:49 PM,06:51 AM,06:57 PM,23,36,36,31,12,28,61,0.0,1008,31,10,141,10,singapore
2018-10-02 17:00:00,34,26,0.0,11.6,7,43,12:17 AM,12:49 PM,06:51 AM,06:57 PM,23,34,34,30,12,31,68,0.0,1008,30,10,136,9,singapore
2018-10-02 18:00:00,34,26,0.0,11.6,7,43,12:17 AM,12:49 PM,06:51 AM,06:57 PM,24,33,33,29,11,35,74,0.0,1009,28,10,132,8,singapore
2018-10-02 19:00:00,34,26,0.0,11.6,7,43,12:17 AM,12:49 PM,06:51 AM,06:57 PM,24,33,33,29,11,35,75,0.0,1009,28,10,139,7,singapore
2018-10-02 20:00:00,34,26,0.0,11.6,7,43,12:17 AM,12:49 PM,06:51 AM,06:57 PM,24,33,33,29,10,34,75,0.0,1010,28,10,145,7,singapore
2018-10-02 21:00:00,34,26,0.0,11.6,7,43,12:17 AM,12:49 PM,06:51 AM,06:57 PM,23,32,32,28,9,33,75,0.0,1010,28,10,151,6,singapore
2018-10-02 22:00:00,34,26,0.0,11.6,7,43,12:17 AM,12:49 PM,06:51 AM,06:57 PM,23,32,32,28,6,37,75,0.0,1010,28,10,155,4,singapore
2018-10-02 23:00:00,34,26,0.0,11.6,7,43,12:17 AM,12:49 PM,06:51 AM,06:57 PM,23,32,32,28,3,41,76,0.0,1010,27,10,158,2,singapore
2018-10-03 00:00:00,33,26,0.0,11.6,7,36,01:16 AM,01:48 PM,06:51 AM,06:57 PM,23,31,31,28,1,45,76,0.0,1010,27,10,162,0,singapore
2018-10-03 01:00:00,33,26,0.0,11.6,7,36,01:16 AM,01:48 PM,06:51 AM,06:57 PM,23,31,31,28,1,39,77,0.0,1010,27,10,114,1,singapore
2018-10-03 02:00:00,33,26,0.0,11.6,7,36,01:16 AM,01:48 PM,06:51 AM,06:57 PM,23,31,31,27,1,34,79,0.0,1009,27,10,66,1,singapore
2018-10-03 03:00:00,33,26,0.0,11.6,7,36,01:16 AM,01:48 PM,06:51 AM,06:57 PM,24,31,31,27,2,28,80,0.0,1009,26,10,18,1,singapore
2018-10-03 04:00:00,33,26,0.0,11.6,7,36,01:16 AM,01:48 PM,06:51 AM,06:57 PM,24,32,32,28,2,26,78,0.0,1009,27,10,33,1,singapore
2018-10-03 05:00:00,33,26,0.0,11.6,7,36,01:16 AM,01:48 PM,06:51 AM,06:57 PM,24,33,33,28,2,24,76,0.0,1010,28,10,49,2,singapore
2018-10-03 06:00:00,33,26,0.0,11.6,7,36,01:16 AM,01:48 PM,06:51 AM,06:57 PM,24,33,33,29,2,22,74,0.0,1010,28,10,64,2,singapore
2018-10-03 07:00:00,33,26,0.0,11.6,7,36,01:16 AM,01:48 PM,06:51 AM,06:57 PM,24,35,35,30,4,21,67,0.0,1010,30,10,97,4,singapore
2018-10-03 08:00:00,33,26,0.0,11.6,7,36,01:16 AM,01:48 PM,06:51 AM,06:57 PM,23,37,37,32,6,19,61,0.0,1010,31,10,130,5,singapore
2018-10-03 09:00:00,33,26,0.0,11.6,7,36,01:16 AM,01:48 PM,06:51 AM,06:57 PM,23,39,39,33,8,18,54,0.0,1010,33,10,162,7,singapore
2018-10-03 10:00:00,33,26,0.0,11.6,7,36,01:16 AM,01:48 PM,06:51 AM,06:57 PM,23,39,39,33,10,19,53,0.0,1010,33,10,163,9,singapore
2018-10-03 11:00:00,33,26,0.0,11.6,7,36,01:16 AM,01:48 PM,06:51 AM,06:57 PM,22,38,38,33,11,21,52,0.0,1009,33,10,163,10,singapore
2018-10-03 12:00:00,33,26,0.0,11.6,7,36,01:16 AM,01:48 PM,06:51 AM,06:57 PM,22,38,38,34,13,22,52,0.0,1009,33,10,163,11,singapore
2018-10-03 13:00:00,33,26,0.0,11.6,7,36,01:16 AM,01:48 PM,06:51 AM,06:57 PM,22,38,38,33,13,21,52,0.0,1009,33,10,158,12,singapore
2018-10-03 14:00:00,33,26,0.0,11.6,7,36,01:16 AM,01:48 PM,06:51 AM,06:57 PM,22,37,37,33,14,20,53,0.0,1008,32,10,153,12,singapore
2018-10-03 15:00:00,33,26,0.0,11.6,7,36,01:16 AM,01:48 PM,06:51 AM,06:57 PM,22,37,37,32,14,20,54,0.0,1008,32,10,148,12,singapore
2018-10-03 16:00:00,33,26,0.0,11.6,7,36,01:16 AM,01:48 PM,06:51 AM,06:57 PM,22,35,35,31,13,19,60,0.0,1008,31,10,137,11,singapore
2018-10-03 17:00:00,33,26,0.0,11.6,7,36,01:16 AM,01:48 PM,06:51 AM,06:57 PM,23,34,34,30,12,19,65,0.0,1009,30,10,126,9,singapore
2018-10-03 18:00:00,33,26,0.0,11.6,7,36,01:16 AM,01:48 PM,06:51 AM,06:57 PM,23,33,33,29,11,19,70,0.0,1009,29,10,115,7,singapore
2018-10-03 19:00:00,33,26,0.0,11.6,7,36,01:16 AM,01:48 PM,06:51 AM,06:57 PM,23,33,33,29,12,19,72,0.0,1009,28,10,118,8,singapore
2018-10-03 20:00:00,33,26,0.0,11.6,7,36,01:16 AM,01:48 PM,06:51 AM,06:57 PM,23,32,32,29,13,18,73,0.0,1010,28,10,121,8,singapore
2018-10-03 21:00:00,33,26,0.0,11.6,7,36,01:16 AM,01:48 PM,06:51 AM,06:57 PM,23,32,32,28,14,18,74,0.0,1010,28,10,124,9,singapore
2018-10-03 22:00:00,33,26,0.0,11.6,7,36,01:16 AM,01:48 PM,06:51 AM,06:57 PM,23,32,32,28,13,19,75,0.0,1010,28,10,128,9,singapore
2018-10-03 23:00:00,33,26,0.0,11.6,7,36,01:16 AM,01:48 PM,06:51 AM,06:57 PM,23,32,32,28,13,19,75,0.0,1010,28,10,132,9,singapore
2018-10-04 00:00:00,33,27,0.0,11.6,7,29,02:14 AM,02:46 PM,06:50 AM,06:56 PM,23,32,32,28,12,20,75,0.0,1009,27,10,135,8,singapore
2018-10-04 01:00:00,33,27,0.0,11.6,7,29,02:14 AM,02:46 PM,06:50 AM,06:56 PM,23,32,32,28,11,18,75,0.0,1009,27,10,136,8,singapore
2018-10-04 02:00:00,33,27,0.0,11.6,7,29,02:14 AM,02:46 PM,06:50 AM,06:56 PM,23,32,32,28,11,17,76,0.0,1009,27,10,137,7,singapore
2018-10-04 03:00:00,33,27,0.0,11.6,7,29,02:14 AM,02:46 PM,06:50 AM,06:56 PM,23,32,32,28,10,16,76,0.0,1009,27,10,138,7,singapore
2018-10-04 04:00:00,33,27,0.0,11.6,7,29,02:14 AM,02:46 PM,06:50 AM,06:56 PM,23,32,32,28,10,21,74,0.0,1009,28,10,133,7,singapore
2018-10-04 05:00:00,33,27,0.0,11.6,7,29,02:14 AM,02:46 PM,06:50 AM,06:56 PM,23,32,32,29,10,26,72,0.0,1010,28,10,128,8,singapore
2018-10-04 06:00:00,33,27,0.0,11.6,7,29,02:14 AM,02:46 PM,06:50 AM,06:56 PM,23,33,33,29,10,32,71,0.0,1010,28,10,123,8,singapore
2018-10-04 07:00:00,33,27,0.0,11.6,7,29,02:14 AM,02:46 PM,06:50 AM,06:56 PM,23,34,34,30,11,30,67,0.0,1010,30,10,129,9,singapore
2018-10-04 08:00:00,33,27,0.0,11.6,7,29,02:14 AM,02:46 PM,06:50 AM,06:56 PM,23,36,36,31,11,28,62,0.1,1010,31,9,135,9,singapore
2018-10-04 09:00:00,33,27,0.0,11.6,7,29,02:14 AM,02:46 PM,06:50 AM,06:56 PM,23,37,37,32,11,27,58,0.2,1010,32,9,141,10,singapore
2018-10-04 10:00:00,33,27,0.0,11.6,7,29,02:14 AM,02:46 PM,06:50 AM,06:56 PM,23,38,38,32,13,24,57,0.1,1010,32,9,145,11,singapore
2018-10-04 11:00:00,33,27,0.0,11.6,7,29,02:14 AM,02:46 PM,06:50 AM,06:56 PM,23,38,38,33,14,21,56,0.0,1009,33,10,150,12,singapore
2018-10-04 12:00:00,33,27,0.0,11.6,7,29,02:14 AM,02:46 PM,06:50 AM,06:56 PM,23,38,38,33,16,18,55,0.0,1009,33,10,154,14,singapore
2018-10-04 13:00:00,33,27,0.0,11.6,7,29,02:14 AM,02:46 PM,06:50 AM,06:56 PM,23,38,38,33,16,17,56,0.0,1008,33,10,156,14,singapore
2018-10-04 14:00:00,33,27,0.0,11.6,7,29,02:14 AM,02:46 PM,06:50 AM,06:56 PM,23,37,37,32,17,16,57,0.2,1008,32,9,158,14,singapore
2018-10-04 15:00:00,33,27,0.0,11.6,7,29,02:14 AM,02:46 PM,06:50 AM,06:56 PM,23,37,37,32,17,14,58,0.3,1007,32,9,160,14,singapore
2018-10-04 16:00:00,33,27,0.0,11.6,7,29,02:14 AM,02:46 PM,06:50 AM,06:56 PM,23,35,35,31,16,15,63,0.1,1008,31,9,158,12,singapore
2018-10-04 17:00:00,33,27,0.0,11.6,7,29,02:14 AM,02:46 PM,06:50 AM,06:56 PM,23,34,34,30,14,15,67,0.0,1008,30,10,156,10,singapore
2018-10-04 18:00:00,33,27,0.0,11.6,7,29,02:14 AM,02:46 PM,06:50 AM,06:56 PM,24,33,33,29,12,15,72,0.0,1008,29,10,154,8,singapore
2018-10-04 19:00:00,33,27,0.0,11.6,7,29,02:14 AM,02:46 PM,06:50 AM,06:56 PM,24,33,33,29,11,15,73,0.0,1009,28,10,150,7,singapore
2018-10-04 20:00:00,33,27,0.0,11.6,7,29,02:14 AM,02:46 PM,06:50 AM,06:56 PM,24,33,33,29,10,14,73,0.0,1009,28,10,147,7,singapore
2018-10-04 21:00:00,33,27,0.0,11.6,7,29,02:14 AM,02:46 PM,06:50 AM,06:56 PM,24,33,33,29,8,14,74,0.0,1009,28,10,144,6,singapore
2018-10-04 22:00:00,33,27,0.0,11.6,7,29,02:14 AM,02:46 PM,06:50 AM,06:56 PM,23,32,32,28,7,16,74,0.0,1010,28,10,135,5,singapore
2018-10-04 23:00:00,33,27,0.0,11.6,7,29,02:14 AM,02:46 PM,06:50 AM,06:56 PM,23,32,32,28,6,19,75,0.0,1010,27,10,126,4,singapore
2018-10-05 00:00:00,34,27,0.0,11.6,7,21,03:13 AM,03:44 PM,06:50 AM,06:56 PM,23,32,32,28,5,21,75,0.0,1010,27,10,117,3,singapore
2018-10-05 01:00:00,34,27,0.0,11.6,7,21,03:13 AM,03:44 PM,06:50 AM,06:56 PM,23,32,32,28,5,21,76,0.0,1009,27,10,121,3,singapore
2018-10-05 02:00:00,34,27,0.0,11.6,7,21,03:13 AM,03:44 PM,06:50 AM,06:56 PM,23,31,31,28,5,22,77,0.0,1009,27,10,124,3,singapore
2018-10-05 03:00:00,34,27,0.0,11.6,7,21,03:13 AM,03:44 PM,06:50 AM,06:56 PM,23,31,31,28,5,22,78,0.0,1009,27,10,127,4,singapore
2018-10-05 04:00:00,34,27,0.0,11.6,7,21,03:13 AM,03:44 PM,06:50 AM,06:56 PM,24,32,32,28,5,18,76,0.0,1009,27,10,137,4,singapore
2018-10-05 05:00:00,34,27,0.0,11.6,7,21,03:13 AM,03:44 PM,06:50 AM,06:56 PM,24,34,34,29,5,14,73,0.0,1010,28,10,147,4,singapore
2018-10-05 06:00:00,34,27,0.0,11.6,7,21,03:13 AM,03:44 PM,06:50 AM,06:56 PM,24,35,35,30,5,10,71,0.0,1010,29,10,157,4,singapore
2018-10-05 07:00:00,34,27,0.0,11.6,7,21,03:13 AM,03:44 PM,06:50 AM,06:56 PM,24,36,36,31,7,10,65,0.0,1010,30,10,153,6,singapore
2018-10-05 08:00:00,34,27,0.0,11.6,7,21,03:13 AM,03:44 PM,06:50 AM,06:56 PM,23,37,37,32,9,9,60,0.0,1010,31,10,150,8,singapore
2018-10-05 09:00:00,34,27,0.0,11.6,7,21,03:13 AM,03:44 PM,06:50 AM,06:56 PM,23,39,39,33,11,8,54,0.0,1011,33,10,147,9,singapore
2018-10-05 10:00:00,34,27,0.0,11.6,7,21,03:13 AM,03:44 PM,06:50 AM,06:56 PM,23,39,39,34,12,9,53,0.0,1010,33,10,147,10,singapore
2018-10-05 11:00:00,34,27,0.0,11.6,7,21,03:13 AM,03:44 PM,06:50 AM,06:56 PM,22,39,39,34,13,9,52,0.0,1010,33,10,146,11,singapore
2018-10-05 12:00:00,34,27,0.0,11.6,7,21,03:13 AM,03:44 PM,06:50 AM,06:56 PM,22,39,39,34,14,9,51,0.0,1009,34,10,146,12,singapore
2018-10-05 13:00:00,34,27,0.0,11.6,7,21,03:13 AM,03:44 PM,06:50 AM,06:56 PM,22,38,38,34,14,8,52,0.0,1009,33,10,143,12,singapore
2018-10-05 14:00:00,34,27,0.0,11.6,7,21,03:13 AM,03:44 PM,06:50 AM,06:56 PM,22,38,38,33,14,7,53,0.0,1008,33,10,141,12,singapore
2018-10-05 15:00:00,34,27,0.0,11.6,7,21,03:13 AM,03:44 PM,06:50 AM,06:56 PM,22,37,37,33,15,7,53,0.0,1008,32,10,139,13,singapore
2018-10-05 16:00:00,34,27,0.0,11.6,7,21,03:13 AM,03:44 PM,06:50 AM,06:56 PM,23,36,36,32,14,9,60,0.0,1008,31,10,130,11,singapore
2018-10-05 17:00:00,34,27,0.0,11.6,7,21,03:13 AM,03:44 PM,06:50 AM,06:56 PM,23,35,35,30,14,12,66,0.0,1009,30,10,122,10,singapore
2018-10-05 18:00:00,34,27,0.0,11.6,7,21,03:13 AM,03:44 PM,06:50 AM,06:56 PM,24,34,34,29,13,15,72,0.0,1009,29,10,113,9,singapore
2018-10-05 19:00:00,34,27,0.0,11.6,7,21,03:13 AM,03:44 PM,06:50 AM,06:56 PM,24,33,33,29,13,14,74,0.0,1009,28,10,113,9,singapore
2018-10-05 20:00:00,34,27,0.0,11.6,7,21,03:13 AM,03:44 PM,06:50 AM,06:56 PM,24,33,33,29,13,13,75,0.0,1010,28,10,113,9,singapore
2018-10-05 21:00:00,34,27,0.0,11.6,7,21,03:13 AM,03:44 PM,06:50 AM,06:56 PM,24,32,32,28,13,12,77,0.0,1010,28,10,113,9,singapore
2018-10-05 22:00:00,34,27,0.0,11.6,7,21,03:13 AM,03:44 PM,06:50 AM,06:56 PM,24,32,32,28,12,12,77,0.0,1010,28,10,107,8,singapore
2018-10-05 23:00:00,34,27,0.0,11.6,7,21,03:13 AM,03:44 PM,06:50 AM,06:56 PM,24,32,32,28,10,12,77,0.0,1010,27,10,102,7,singapore
2018-10-06 00:00:00,31,27,0.0,10.2,7,14,04:10 AM,04:39 PM,06:50 AM,06:56 PM,24,32,32,28,8,12,77,0.0,1010,27,10,96,6,singapore
2018-10-06 01:00:00,31,27,0.0,10.2,7,14,04:10 AM,04:39 PM,06:50 AM,06:56 PM,24,32,32,28,8,11,78,0.0,1010,27,10,95,6,singapore
2018-10-06 02:00:00,31,27,0.0,10.2,7,14,04:10 AM,04:39 PM,06:50 AM,06:56 PM,24,32,32,28,7,10,79,0.0,1009,27,10,93,5,singapore
2018-10-06 03:00:00,31,27,0.0,10.2,7,14,04:10 AM,04:39 PM,06:50 AM,06:56 PM,24,32,32,28,6,8,80,0.0,1009,27,10,91,4,singapore
2018-10-06 04:00:00,31,27,0.0,10.2,7,14,04:10 AM,04:39 PM,06:50 AM,06:56 PM,24,33,33,29,5,11,78,0.0,1009,27,10,90,4,singapore
2018-10-06 05:00:00,31,27,0.0,10.2,7,14,04:10 AM,04:39 PM,06:50 AM,06:56 PM,24,34,34,29,4,13,76,0.0,1010,28,10,89,3,singapore
2018-10-06 06:00:00,31,27,0.0,10.2,7,14,04:10 AM,04:39 PM,06:50 AM,06:56 PM,24,35,35,30,3,15,74,0.0,1010,29,10,89,3,singapore
2018-10-06 07:00:00,31,27,0.0,10.2,7,14,04:10 AM,04:39 PM,06:50 AM,06:56 PM,24,36,36,30,6,15,69,0.0,1011,29,9,99,4,singapore
2018-10-06 08:00:00,31,27,0.0,10.2,7,14,04:10 AM,04:39 PM,06:50 AM,06:56 PM,24,37,37,31,8,15,65,0.9,1011,30,8,109,5,singapore
2018-10-06 09:00:00,31,27,0.0,10.2,7,14,04:10 AM,04:39 PM,06:50 AM,06:56 PM,24,38,38,32,10,16,61,1.2,1011,31,7,119,6,singapore
2018-10-06 10:00:00,31,27,0.0,10.2,7,14,04:10 AM,04:39 PM,06:50 AM,06:56 PM,24,37,37,32,10,22,62,0.6,1010,31,8,128,7,singapore
2018-10-06 11:00:00,31,27,0.0,10.2,7,14,04:10 AM,04:39 PM,06:50 AM,06:56 PM,23,37,37,32,10,28,62,0.0,1010,31,9,136,8,singapore
2018-10-06 12:00:00,31,27,0.0,10.2,7,14,04:10 AM,04:39 PM,06:50 AM,06:56 PM,23,36,36,31,10,34,63,0.0,1010,31,10,145,9,singapore
2018-10-06 13:00:00,31,27,0.0,10.2,7,14,04:10 AM,04:39 PM,06:50 AM,06:56 PM,23,36,36,31,12,41,64,0.0,1009,31,9,135,8,singapore
2018-10-06 14:00:00,31,27,0.0,10.2,7,14,04:10 AM,04:39 PM,06:50 AM,06:56 PM,23,35,35,31,13,48,65,1.7,1009,30,8,125,8,singapore
2018-10-06 15:00:00,31,27,0.0,10.2,7,14,04:10 AM,04:39 PM,06:50 AM,06:56 PM,23,35,35,30,15,55,66,2.2,1008,30,7,115,8,singapore
2018-10-06 16:00:00,31,27,0.0,10.2,7,14,04:10 AM,04:39 PM,06:50 AM,06:56 PM,23,33,33,29,12,70,70,1.1,1009,29,8,103,7,singapore
2018-10-06 17:00:00,31,27,0.0,10.2,7,14,04:10 AM,04:39 PM,06:50 AM,06:56 PM,23,32,32,28,10,85,74,0.0,1009,28,9,90,6,singapore
2018-10-06 18:00:00,31,27,0.0,10.2,7,14,04:10 AM,04:39 PM,06:50 AM,06:56 PM,23,31,31,27,8,100,78,0.0,1010,27,10,78,5,singapore
2018-10-06 19:00:00,31,27,0.0,10.2,7,14,04:10 AM,04:39 PM,06:50 AM,06:56 PM,23,31,31,27,7,82,78,0.0,1010,27,10,75,5,singapore
2018-10-06 20:00:00,31,27,0.0,10.2,7,14,04:10 AM,04:39 PM,06:50 AM,06:56 PM,23,31,31,27,7,64,78,0.5,1010,27,10,73,4,singapore
2018-10-06 21:00:00,31,27,0.0,10.2,7,14,04:10 AM,04:39 PM,06:50 AM,06:56 PM,23,31,31,27,6,47,79,0.7,1011,27,10,71,4,singapore
2018-10-06 22:00:00,31,27,0.0,10.2,7,14,04:10 AM,04:39 PM,06:50 AM,06:56 PM,23,30,30,27,6,54,79,0.4,1011,27,10,54,3,singapore
2018-10-06 23:00:00,31,27,0.0,10.2,7,14,04:10 AM,04:39 PM,06:50 AM,06:56 PM,23,30,30,27,5,62,80,0.0,1010,26,10,37,3,singapore
2018-10-07 00:00:00,30,26,0.0,10.2,6,7,05:05 AM,05:32 PM,06:50 AM,06:55 PM,23,30,30,27,4,70,81,0.0,1010,26,10,20,3,singapore
2018-10-07 01:00:00,30,26,0.0,10.2,6,7,05:05 AM,05:32 PM,06:50 AM,06:55 PM,23,30,30,27,5,62,81,0.0,1010,26,10,17,3,singapore
2018-10-07 02:00:00,30,26,0.0,10.2,6,7,05:05 AM,05:32 PM,06:50 AM,06:55 PM,23,30,30,27,5,54,82,0.0,1009,26,10,15,3,singapore
2018-10-07 03:00:00,30,26,0.0,10.2,6,7,05:05 AM,05:32 PM,06:50 AM,06:55 PM,23,30,30,27,6,46,82,0.0,1009,26,10,13,4,singapore
2018-10-07 04:00:00,30,26,0.0,10.2,6,7,05:05 AM,05:32 PM,06:50 AM,06:55 PM,23,30,30,27,6,49,81,0.0,1009,26,10,20,4,singapore
2018-10-07 05:00:00,30,26,0.0,10.2,6,7,05:05 AM,05:32 PM,06:50 AM,06:55 PM,23,31,31,27,6,52,79,0.0,1010,27,10,27,4,singapore
2018-10-07 06:00:00,30,26,0.0,10.2,6,7,05:05 AM,05:32 PM,06:50 AM,06:55 PM,24,31,31,28,6,55,78,0.0,1010,27,10,34,4,singapore
2018-10-07 07:00:00,30,26,0.0,10.2,6,7,05:05 AM,05:32 PM,06:50 AM,06:55 PM,24,33,33,29,9,51,75,0.0,1010,28,9,50,5,singapore
2018-10-07 08:00:00,30,26,0.0,10.2,6,7,05:05 AM,05:32 PM,06:50 AM,06:55 PM,24,34,34,30,12,47,72,2.2,1010,29,8,67,6,singapore
2018-10-07 09:00:00,30,26,0.0,10.2,6,7,05:05 AM,05:32 PM,06:50 AM,06:55 PM,24,36,36,30,15,44,68,2.9,1011,30,7,83,8,singapore
2018-10-07 10:00:00,30,26,0.0,10.2,6,7,05:05 AM,05:32 PM,06:50 AM,06:55 PM,24,35,35,30,12,50,68,1.5,1010,30,8,93,7,singapore
2018-10-07 11:00:00,30,26,0.0,10.2,6,7,05:05 AM,05:32 PM,06:50 AM,06:55 PM,24,35,35,30,9,56,68,0.0,1010,30,9,103,6,singapore
2018-10-07 12:00:00,30,26,0.0,10.2,6,7,05:05 AM,05:32 PM,06:50 AM,06:55 PM,24,35,35,30,7,62,68,0.0,1009,30,10,113,6,singapore
2018-10-07 13:00:00,30,26,0.0,10.2,6,7,05:05 AM,05:32 PM,06:50 AM,06:55 PM,24,35,35,30,8,57,69,0.0,1009,30,8,107,6,singapore
2018-10-07 14:00:00,30,26,0.0,10.2,6,7,05:05 AM,05:32 PM,06:50 AM,06:55 PM,24,35,35,30,10,51,70,2.9,1008,30,5,101,6,singapore
2018-10-07 15:00:00,30,26,0.0,10.2,6,7,05:05 AM,05:32 PM,06:50 AM,06:55 PM,24,35,35,30,12,46,71,3.8,1008,29,3,95,6,singapore
2018-10-07 16:00:00,30,26,0.0,10.2,6,7,05:05 AM,05:32 PM,06:50 AM,06:55 PM,24,33,33,29,12,50,74,1.9,1008,28,5,79,6,singapore
2018-10-07 17:00:00,30,26,0.0,10.2,6,7,05:05 AM,05:32 PM,06:50 AM,06:55 PM,24,32,32,28,12,54,78,0.0,1009,27,8,63,7,singapore
2018-10-07 18:00:00,30,26,0.0,10.2,6,7,05:05 AM,05:32 PM,06:50 AM,06:55 PM,23,30,30,27,13,58,81,0.0,1009,27,10,47,8,singapore
2018-10-07 19:00:00,30,26,0.0,10.2,6,7,05:05 AM,05:32 PM,06:50 AM,06:55 PM,23,30,30,27,11,62,82,0.0,1010,26,10,45,7,singapore
2018-10-07 20:00:00,30,26,0.0,10.2,6,7,05:05 AM,05:32 PM,06:50 AM,06:55 PM,23,30,30,27,10,67,82,0.8,1010,26,10,44,6,singapore
2018-10-07 21:00:00,30,26,0.0,10.2,6,7,05:05 AM,05:32 PM,06:50 AM,06:55 PM,23,29,29,26,8,71,83,1.1,1010,26,10,43,5,singapore
2018-10-07 22:00:00,30,26,0.0,10.2,6,7,05:05 AM,05:32 PM,06:50 AM,06:55 PM,23,29,29,26,8,61,83,0.5,1010,26,10,37,5,singapore
2018-10-07 23:00:00,30,26,0.0,10.2,6,7,05:05 AM,05:32 PM,06:50 AM,06:55 PM,23,30,30,26,7,52,84,0.0,1010,26,10,32,4,singapore
2018-10-08 00:00:00,30,25,0.0,11.6,7,0,05:58 AM,06:23 PM,06:49 AM,06:55 PM,24,30,30,26,7,42,85,0.0,1010,26,10,27,4,singapore
2018-10-08 01:00:00,30,25,0.0,11.6,7,0,05:58 AM,06:23 PM,06:49 AM,06:55 PM,23,29,29,26,8,54,85,0.0,1010,26,10,23,5,singapore
2018-10-08 02:00:00,30,25,0.0,11.6,7,0,05:58 AM,06:23 PM,06:49 AM,06:55 PM,23,29,29,26,9,66,85,0.1,1009,25,10,19,5,singapore
2018-10-08 03:00:00,30,25,0.0,11.6,7,0,05:58 AM,06:23 PM,06:49 AM,06:55 PM,23,29,29,26,9,78,86,0.2,1009,25,10,15,6,singapore
2018-10-08 04:00:00,30,25,0.0,11.6,7,0,05:58 AM,06:23 PM,06:49 AM,06:55 PM,24,29,29,26,9,63,85,0.1,1009,26,10,128,6,singapore
2018-10-08 05:00:00,30,25,0.0,11.6,7,0,05:58 AM,06:23 PM,06:49 AM,06:55 PM,24,30,30,27,8,48,84,0.0,1009,26,10,241,6,singapore
2018-10-08 06:00:00,30,25,0.0,11.6,7,0,05:58 AM,06:23 PM,06:49 AM,06:55 PM,24,31,31,27,7,33,83,0.0,1010,27,10,354,6,singapore
2018-10-08 07:00:00,30,25,0.0,11.6,7,0,05:58 AM,06:23 PM,06:49 AM,06:55 PM,24,33,33,28,7,42,78,0.0,1010,28,10,242,6,singapore
2018-10-08 08:00:00,30,25,0.0,11.6,7,0,05:58 AM,06:23 PM,06:49 AM,06:55 PM,24,35,35,30,8,51,74,0.8,1010,29,10,131,5,singapore
2018-10-08 09:00:00,30,25,0.0,11.6,7,0,05:58 AM,06:23 PM,06:49 AM,06:55 PM,24,36,36,31,8,59,69,1.0,1010,30,10,19,5,singapore
2018-10-08 10:00:00,30,25,0.0,11.6,7,0,05:58 AM,06:23 PM,06:49 AM,06:55 PM,24,36,36,31,7,56,69,0.5,1010,30,10,30,5,singapore
2018-10-08 11:00:00,30,25,0.0,11.6,7,0,05:58 AM,06:23 PM,06:49 AM,06:55 PM,24,36,36,31,6,54,69,0.0,1009,30,10,41,4,singapore
2018-10-08 12:00:00,30,25,0.0,11.6,7,0,05:58 AM,06:23 PM,06:49 AM,06:55 PM,24,36,36,31,5,51,69,0.0,1009,30,10,52,4,singapore
2018-10-08 13:00:00,30,25,0.0,11.6,7,0,05:58 AM,06:23 PM,06:49 AM,06:55 PM,24,36,36,31,7,49,70,0.0,1008,30,9,51,5,singapore
2018-10-08 14:00:00,30,25,0.0,11.6,7,0,05:58 AM,06:23 PM,06:49 AM,06:55 PM,24,36,36,30,9,47,70,1.6,1008,30,8,49,5,singapore
2018-10-08 15:00:00,30,25,0.0,11.6,7,0,05:58 AM,06:23 PM,06:49 AM,06:55 PM,24,35,35,30,11,45,71,2.1,1007,30,7,48,6,singapore
2018-10-08 16:00:00,30,25,0.0,11.6,7,0,05:58 AM,06:23 PM,06:49 AM,06:55 PM,24,34,34,29,9,47,75,1.0,1008,29,8,45,5,singapore
2018-10-08 17:00:00,30,25,0.0,11.6,7,0,05:58 AM,06:23 PM,06:49 AM,06:55 PM,24,32,32,28,8,49,79,0.0,1009,28,9,42,5,singapore
2018-10-08 18:00:00,30,25,0.0,11.6,7,0,05:58 AM,06:23 PM,06:49 AM,06:55 PM,24,31,31,27,6,50,83,0.0,1009,27,10,40,4,singapore
2018-10-08 19:00:00,30,25,0.0,11.6,7,0,05:58 AM,06:23 PM,06:49 AM,06:55 PM,24,30,30,27,7,49,83,0.0,1009,26,10,37,4,singapore
2018-10-08 20:00:00,30,25,0.0,11.6,7,0,05:58 AM,06:23 PM,06:49 AM,06:55 PM,24,30,30,27,8,47,84,0.3,1010,26,10,35,5,singapore
2018-10-08 21:00:00,30,25,0.0,11.6,7,0,05:58 AM,06:23 PM,06:49 AM,06:55 PM,24,30,30,27,9,46,84,0.4,1010,26,10,32,5,singapore
2018-10-08 22:00:00,30,25,0.0,11.6,7,0,05:58 AM,06:23 PM,06:49 AM,06:55 PM,24,30,30,26,8,42,84,0.2,1010,26,10,132,5,singapore
2018-10-08 23:00:00,30,25,0.0,11.6,7,0,05:58 AM,06:23 PM,06:49 AM,06:55 PM,24,30,30,26,7,39,85,0.0,1010,26,10,232,4,singapore
2018-10-09 00:00:00,31,25,0.0,11.6,7,0,06:50 AM,07:14 PM,06:49 AM,06:55 PM,24,30,30,26,6,36,85,0.0,1010,26,10,332,4,singapore
2018-10-09 01:00:00,31,25,0.0,11.6,7,0,06:50 AM,07:14 PM,06:49 AM,06:55 PM,24,29,29,26,7,36,86,0.0,1009,25,10,324,4,singapore
2018-10-09 02:00:00,31,25,0.0,11.6,7,0,06:50 AM,07:14 PM,06:49 AM,06:55 PM,24,29,29,26,8,37,86,0.2,1009,25,9,315,5,singapore
2018-10-09 03:00:00,31,25,0.0,11.6,7,0,06:50 AM,07:14 PM,06:49 AM,06:55 PM,23,29,29,26,9,37,87,0.3,1009,25,9,307,5,singapore
2018-10-09 04:00:00,31,25,0.0,11.6,7,0,06:50 AM,07:14 PM,06:49 AM,06:55 PM,23,29,29,26,8,39,85,0.2,1009,26,9,298,5,singapore
2018-10-09 05:00:00,31,25,0.0,11.6,7,0,06:50 AM,07:14 PM,06:49 AM,06:55 PM,23,30,30,27,6,41,83,0.0,1010,26,10,289,4,singapore
2018-10-09 06:00:00,31,25,0.0,11.6,7,0,06:50 AM,07:14 PM,06:49 AM,06:55 PM,23,30,30,27,5,43,81,0.0,1010,26,10,280,4,singapore
2018-10-09 07:00:00,31,25,0.0,11.6,7,0,06:50 AM,07:14 PM,06:49 AM,06:55 PM,23,33,33,29,5,44,74,0.0,1010,28,10,268,4,singapore
2018-10-09 08:00:00,31,25,0.0,11.6,7,0,06:50 AM,07:14 PM,06:49 AM,06:55 PM,23,35,35,30,4,45,67,0.0,1010,30,10,256,4,singapore
2018-10-09 09:00:00,31,25,0.0,11.6,7,0,06:50 AM,07:14 PM,06:49 AM,06:55 PM,23,37,37,32,4,46,60,0.0,1010,31,10,244,4,singapore
2018-10-09 10:00:00,31,25,0.0,11.6,7,0,06:50 AM,07:14 PM,06:49 AM,06:55 PM,23,37,37,32,5,42,60,0.0,1009,31,10,243,4,singapore
2018-10-09 11:00:00,31,25,0.0,11.6,7,0,06:50 AM,07:14 PM,06:49 AM,06:55 PM,23,37,37,32,5,38,60,0.0,1009,31,10,242,5,singapore
2018-10-09 12:00:00,31,25,0.0,11.6,7,0,06:50 AM,07:14 PM,06:49 AM,06:55 PM,23,37,37,32,6,35,61,0.0,1009,31,10,240,5,singapore
2018-10-09 13:00:00,31,25,0.0,11.6,7,0,06:50 AM,07:14 PM,06:49 AM,06:55 PM,23,36,36,32,6,36,61,0.0,1008,31,10,229,5,singapore
2018-10-09 14:00:00,31,25,0.0,11.6,7,0,06:50 AM,07:14 PM,06:49 AM,06:55 PM,23,36,36,31,7,37,62,0.2,1008,31,9,217,6,singapore
2018-10-09 15:00:00,31,25,0.0,11.6,7,0,06:50 AM,07:14 PM,06:49 AM,06:55 PM,23,35,35,31,7,39,62,0.3,1008,30,9,206,6,singapore
2018-10-09 16:00:00,31,25,0.0,11.6,7,0,06:50 AM,07:14 PM,06:49 AM,06:55 PM,23,33,33,30,6,41,68,0.2,1008,29,9,209,4,singapore
2018-10-09 17:00:00,31,25,0.0,11.6,7,0,06:50 AM,07:14 PM,06:49 AM,06:55 PM,23,32,32,28,4,42,73,0.0,1009,28,10,212,3,singapore
2018-10-09 18:00:00,31,25,0.0,11.6,7,0,06:50 AM,07:14 PM,06:49 AM,06:55 PM,23,30,30,27,3,44,79,0.0,1009,27,10,216,2,singapore
2018-10-09 19:00:00,31,25,0.0,11.6,7,0,06:50 AM,07:14 PM,06:49 AM,06:55 PM,23,30,30,27,3,40,80,0.0,1009,26,10,242,2,singapore
2018-10-09 20:00:00,31,25,0.0,11.6,7,0,06:50 AM,07:14 PM,06:49 AM,06:55 PM,23,30,30,27,4,35,81,0.5,1010,26,9,268,3,singapore
2018-10-09 21:00:00,31,25,0.0,11.6,7,0,06:50 AM,07:14 PM,06:49 AM,06:55 PM,23,30,30,27,5,30,83,0.7,1010,26,9,294,3,singapore
2018-10-09 22:00:00,31,25,0.0,11.6,7,0,06:50 AM,07:14 PM,06:49 AM,06:55 PM,23,30,30,27,4,31,83,0.3,1010,26,9,278,3,singapore
2018-10-09 23:00:00,31,25,0.0,11.6,7,0,06:50 AM,07:14 PM,06:49 AM,06:55 PM,23,30,30,26,4,31,83,0.0,1010,26,10,261,3,singapore
2018-10-10 00:00:00,31,25,0.0,11.6,7,0,07:41 AM,08:03 PM,06:49 AM,06:54 PM,23,30,30,26,4,32,84,0.0,1010,26,10,245,3,singapore
2018-10-10 01:00:00,31,25,0.0,11.6,7,0,07:41 AM,08:03 PM,06:49 AM,06:54 PM,23,29,29,26,6,31,84,0.0,1009,25,10,259,4,singapore
2018-10-10 02:00:00,31,25,0.0,11.6,7,0,07:41 AM,08:03 PM,06:49 AM,06:54 PM,23,29,29,26,8,31,85,0.0,1009,25,10,273,5,singapore
2018-10-10 03:00:00,31,25,0.0,11.6,7,0,07:41 AM,08:03 PM,06:49 AM,06:54 PM,23,28,28,26,10,31,85,0.0,1009,25,10,287,6,singapore
2018-10-10 04:00:00,31,25,0.0,11.6,7,0,07:41 AM,08:03 PM,06:49 AM,06:54 PM,23,29,29,26,10,41,84,0.0,1009,25,10,292,6,singapore
2018-10-10 05:00:00,31,25,0.0,11.6,7,0,07:41 AM,08:03 PM,06:49 AM,06:54 PM,23,30,30,26,9,52,83,0.0,1009,26,10,296,6,singapore
2018-10-10 06:00:00,31,25,0.0,11.6,7,0,07:41 AM,08:03 PM,06:49 AM,06:54 PM,23,30,30,27,8,62,82,0.0,1010,26,10,301,6,singapore
2018-10-10 07:00:00,31,25,0.0,11.6,7,0,07:41 AM,08:03 PM,06:49 AM,06:54 PM,24,32,32,28,7,60,78,0.0,1010,27,10,290,6,singapore
2018-10-10 08:00:00,31,25,0.0,11.6,7,0,07:41 AM,08:03 PM,06:49 AM,06:54 PM,24,33,33,29,7,58,73,0.2,1010,28,10,280,5,singapore
2018-10-10 09:00:00,31,25,0.0,11.6,7,0,07:41 AM,08:03 PM,06:49 AM,06:54 PM,24,35,35,30,6,57,69,0.3,1010,29,10,269,5,singapore
2018-10-10 10:00:00,31,25,0.0,11.6,7,0,07:41 AM,08:03 PM,06:49 AM,06:54 PM,24,36,36,31,5,51,67,0.1,1010,30,10,273,4,singapore
2018-10-10 11:00:00,31,25,0.0,11.6,7,0,07:41 AM,08:03 PM,06:49 AM,06:54 PM,24,36,36,31,4,46,65,0.0,1009,31,10,277,3,singapore
2018-10-10 12:00:00,31,25,0.0,11.6,7,0,07:41 AM,08:03 PM,06:49 AM,06:54 PM,24,37,37,32,2,41,63,0.0,1009,31,10,281,2,singapore
2018-10-10 13:00:00,31,25,0.0,11.6,7,0,07:41 AM,08:03 PM,06:49 AM,06:54 PM,24,37,37,31,5,35,65,0.0,1009,31,9,191,3,singapore
2018-10-10 14:00:00,31,25,0.0,11.6,7,0,07:41 AM,08:03 PM,06:49 AM,06:54 PM,24,36,36,31,7,29,68,1.4,1008,30,8,102,4,singapore
2018-10-10 15:00:00,31,25,0.0,11.6,7,0,07:41 AM,08:03 PM,06:49 AM,06:54 PM,24,35,35,30,9,23,70,1.9,1008,29,7,13,5,singapore
2018-10-10 16:00:00,31,25,0.0,11.6,7,0,07:41 AM,08:03 PM,06:49 AM,06:54 PM,24,33,33,29,9,29,74,1.0,1008,28,8,120,5,singapore
2018-10-10 17:00:00,31,25,0.0,11.6,7,0,07:41 AM,08:03 PM,06:49 AM,06:54 PM,24,32,32,28,8,34,79,0.0,1009,27,9,227,5,singapore
2018-10-10 18:00:00,31,25,0.0,11.6,7,0,07:41 AM,08:03 PM,06:49 AM,06:54 PM,24,30,30,27,8,39,84,0.0,1009,26,10,334,5,singapore
2018-10-10 19:00:00,31,25,0.0,11.6,7,0,07:41 AM,08:03 PM,06:49 AM,06:54 PM,24,30,30,26,8,41,84,0.0,1009,26,10,337,5,singapore
2018-10-10 20:00:00,31,25,0.0,11.6,7,0,07:41 AM,08:03 PM,06:49 AM,06:54 PM,23,30,30,26,8,43,84,0.0,1010,26,10,339,5,singapore
2018-10-10 21:00:00,31,25,0.0,11.6,7,0,07:41 AM,08:03 PM,06:49 AM,06:54 PM,23,29,29,26,8,44,85,0.0,1010,26,10,342,5,singapore
2018-10-10 22:00:00,31,25,0.0,11.6,7,0,07:41 AM,08:03 PM,06:49 AM,06:54 PM,23,29,29,26,9,46,85,0.0,1010,26,10,333,6,singapore
2018-10-10 23:00:00,31,25,0.0,11.6,7,0,07:41 AM,08:03 PM,06:49 AM,06:54 PM,24,29,29,26,9,47,86,0.0,1010,26,10,324,6,singapore
2018-10-11 00:00:00,32,25,0.0,10.2,7,7,08:30 AM,08:52 PM,06:49 AM,06:54 PM,24,29,29,26,9,49,86,0.0,1009,26,10,315,6,singapore
2018-10-11 01:00:00,32,25,0.0,10.2,7,7,08:30 AM,08:52 PM,06:49 AM,06:54 PM,23,29,29,26,9,47,86,0.0,1009,25,10,323,6,singapore
2018-10-11 02:00:00,32,25,0.0,10.2,7,7,08:30 AM,08:52 PM,06:49 AM,06:54 PM,23,29,29,26,9,44,86,0.0,1009,25,10,331,6,singapore
2018-10-11 03:00:00,32,25,0.0,10.2,7,7,08:30 AM,08:52 PM,06:49 AM,06:54 PM,23,29,29,26,9,42,87,0.0,1008,25,10,338,6,singapore
2018-10-11 04:00:00,32,25,0.0,10.2,7,7,08:30 AM,08:52 PM,06:49 AM,06:54 PM,23,29,29,26,9,44,85,0.0,1009,26,10,332,6,singapore
2018-10-11 05:00:00,32,25,0.0,10.2,7,7,08:30 AM,08:52 PM,06:49 AM,06:54 PM,23,30,30,27,8,46,83,0.0,1009,26,10,325,6,singapore
2018-10-11 06:00:00,32,25,0.0,10.2,7,7,08:30 AM,08:52 PM,06:49 AM,06:54 PM,23,30,30,27,7,47,81,0.0,1010,26,10,318,6,singapore
2018-10-11 07:00:00,32,25,0.0,10.2,7,7,08:30 AM,08:52 PM,06:49 AM,06:54 PM,23,33,33,29,7,46,73,0.0,1010,28,10,321,6,singapore
2018-10-11 08:00:00,32,25,0.0,10.2,7,7,08:30 AM,08:52 PM,06:49 AM,06:54 PM,23,35,35,31,7,45,65,0.0,1010,30,10,323,6,singapore
2018-10-11 09:00:00,32,25,0.0,10.2,7,7,08:30 AM,08:52 PM,06:49 AM,06:54 PM,23,37,37,32,6,44,58,0.0,1010,32,10,325,5,singapore
2018-10-11 10:00:00,32,25,0.0,10.2,7,7,08:30 AM,08:52 PM,06:49 AM,06:54 PM,23,38,38,32,5,40,59,0.0,1010,32,10,323,5,singapore
2018-10-11 11:00:00,32,25,0.0,10.2,7,7,08:30 AM,08:52 PM,06:49 AM,06:54 PM,24,39,39,33,4,36,61,0.0,1010,32,10,320,4,singapore
2018-10-11 12:00:00,32,25,0.0,10.2,7,7,08:30 AM,08:52 PM,06:49 AM,06:54 PM,24,39,39,33,3,32,62,0.0,1009,32,10,318,3,singapore
2018-10-11 13:00:00,32,25,0.0,10.2,7,7,08:30 AM,08:52 PM,06:49 AM,06:54 PM,24,38,38,32,5,33,66,0.0,1009,31,8,222,3,singapore
2018-10-11 14:00:00,32,25,0.0,10.2,7,7,08:30 AM,08:52 PM,06:49 AM,06:54 PM,24,37,37,31,6,35,69,3.2,1009,30,5,126,3,singapore
2018-10-11 15:00:00,32,25,0.0,10.2,7,7,08:30 AM,08:52 PM,06:49 AM,06:54 PM,25,35,35,30,8,36,73,4.3,1008,29,3,30,4,singapore
2018-10-11 16:00:00,32,25,0.0,10.2,7,7,08:30 AM,08:52 PM,06:49 AM,06:54 PM,24,33,33,29,7,54,77,2.1,1009,28,5,22,4,singapore
2018-10-11 17:00:00,32,25,0.0,10.2,7,7,08:30 AM,08:52 PM,06:49 AM,06:54 PM,24,32,32,28,6,72,80,0.0,1010,27,8,14,4,singapore
2018-10-11 18:00:00,32,25,0.0,10.2,7,7,08:30 AM,08:52 PM,06:49 AM,06:54 PM,23,30,30,26,6,90,84,0.0,1010,26,10,5,4,singapore
2018-10-11 19:00:00,32,25,0.0,10.2,7,7,08:30 AM,08:52 PM,06:49 AM,06:54 PM,23,30,30,26,6,93,84,0.0,1011,26,10,120,4,singapore
2018-10-11 20:00:00,32,25,0.0,10.2,7,7,08:30 AM,08:52 PM,06:49 AM,06:54 PM,24,29,29,26,6,97,85,0.0,1011,26,10,235,4,singapore
2018-10-11 21:00:00,32,25,0.0,10.2,7,7,08:30 AM,08:52 PM,06:49 AM,06:54 PM,24,29,29,26,6,100,85,0.0,1012,26,10,350,4,singapore
2018-10-11 22:00:00,32,25,0.0,10.2,7,7,08:30 AM,08:52 PM,06:49 AM,06:54 PM,24,29,29,26,5,100,86,0.0,1012,26,10,352,3,singapore
2018-10-11 23:00:00,32,25,0.0,10.2,7,7,08:30 AM,08:52 PM,06:49 AM,06:54 PM,24,29,29,26,5,100,87,0.0,1012,25,10,354,3,singapore
2018-10-12 00:00:00,30,25,0.0,10.2,6,15,09:21 AM,09:42 PM,06:48 AM,06:54 PM,24,29,29,26,4,100,88,0.0,1012,25,10,357,3,singapore
2018-10-12 01:00:00,30,25,0.0,10.2,6,15,09:21 AM,09:42 PM,06:48 AM,06:54 PM,23,28,28,25,5,100,88,0.0,1011,25,7,336,3,singapore
2018-10-12 02:00:00,30,25,0.0,10.2,6,15,09:21 AM,09:42 PM,06:48 AM,06:54 PM,23,28,28,25,5,100,88,0.2,1011,25,5,315,3,singapore
2018-10-12 03:00:00,30,25,0.0,10.2,6,15,09:21 AM,09:42 PM,06:48 AM,06:54 PM,23,28,28,25,5,100,88,0.2,1011,25,2,294,3,singapore
2018-10-12 04:00:00,30,25,0.0,10.2,6,15,09:21 AM,09:42 PM,06:48 AM,06:54 PM,23,29,29,26,6,77,87,0.1,1011,25,5,289,4,singapore
2018-10-12 05:00:00,30,25,0.0,10.2,6,15,09:21 AM,09:42 PM,06:48 AM,06:54 PM,23,29,29,26,7,54,86,0.0,1011,26,7,285,6,singapore
2018-10-12 06:00:00,30,25,0.0,10.2,6,15,09:21 AM,09:42 PM,06:48 AM,06:54 PM,24,30,30,27,9,31,84,0.0,1012,26,10,281,7,singapore
2018-10-12 07:00:00,30,25,0.0,10.2,6,15,09:21 AM,09:42 PM,06:48 AM,06:54 PM,23,32,32,28,9,35,77,0.0,1012,27,10,275,7,singapore
2018-10-12 08:00:00,30,25,0.0,10.2,6,15,09:21 AM,09:42 PM,06:48 AM,06:54 PM,23,33,33,29,9,39,70,0.0,1012,29,10,270,8,singapore
2018-10-12 09:00:00,30,25,0.0,10.2,6,15,09:21 AM,09:42 PM,06:48 AM,06:54 PM,23,35,35,31,9,43,64,0.0,1012,30,10,265,8,singapore
2018-10-12 10:00:00,30,25,0.0,10.2,6,15,09:21 AM,09:42 PM,06:48 AM,06:54 PM,23,35,35,31,11,38,65,0.0,1012,30,10,263,9,singapore
2018-10-12 11:00:00,30,25,0.0,10.2,6,15,09:21 AM,09:42 PM,06:48 AM,06:54 PM,23,35,35,30,12,32,66,0.0,1011,30,10,261,11,singapore
2018-10-12 12:00:00,30,25,0.0,10.2,6,15,09:21 AM,09:42 PM,06:48 AM,06:54 PM,23,35,35,30,14,27,67,0.0,1011,30,10,259,12,singapore
2018-10-12 13:00:00,30,25,0.0,10.2,6,15,09:21 AM,09:42 PM,06:48 AM,06:54 PM,24,34,34,30,18,29,71,0.0,1010,30,8,259,12,singapore
2018-10-12 14:00:00,30,25,0.0,10.2,6,15,09:21 AM,09:42 PM,06:48 AM,06:54 PM,24,34,34,29,22,32,75,3.3,1010,29,5,260,12,singapore
2018-10-12 15:00:00,30,25,0.0,10.2,6,15,09:21 AM,09:42 PM,06:48 AM,06:54 PM,24,33,33,28,27,34,79,4.4,1009,28,3,261,13,singapore
2018-10-12 16:00:00,30,25,0.0,10.2,6,15,09:21 AM,09:42 PM,06:48 AM,06:54 PM,24,31,31,27,22,46,81,2.2,1010,27,5,266,11,singapore
2018-10-12 17:00:00,30,25,0.0,10.2,6,15,09:21 AM,09:42 PM,06:48 AM,06:54 PM,24,30,30,27,17,59,84,0.0,1010,26,8,271,9,singapore
2018-10-12 18:00:00,30,25,0.0,10.2,6,15,09:21 AM,09:42 PM,06:48 AM,06:54 PM,23,29,29,26,12,71,86,0.0,1011,26,10,276,7,singapore
2018-10-12 19:00:00,30,25,0.0,10.2,6,15,09:21 AM,09:42 PM,06:48 AM,06:54 PM,23,29,29,26,12,79,86,0.0,1011,26,10,282,7,singapore
2018-10-12 20:00:00,30,25,0.0,10.2,6,15,09:21 AM,09:42 PM,06:48 AM,06:54 PM,23,29,29,26,11,86,85,0.5,1012,26,10,288,7,singapore
2018-10-12 21:00:00,30,25,0.0,10.2,6,15,09:21 AM,09:42 PM,06:48 AM,06:54 PM,23,29,29,26,11,93,84,0.7,1012,26,10,293,6,singapore
2018-10-12 22:00:00,30,25,0.0,10.2,6,15,09:21 AM,09:42 PM,06:48 AM,06:54 PM,23,29,29,26,11,96,85,0.3,1012,25,10,286,7,singapore
2018-10-12 23:00:00,30,25,0.0,10.2,6,15,09:21 AM,09:42 PM,06:48 AM,06:54 PM,23,28,28,26,11,98,86,0.0,1012,25,10,278,7,singapore
2018-10-13 00:00:00,27,25,0.0,10.2,6,22,10:11 AM,10:31 PM,06:48 AM,06:53 PM,23,28,28,25,12,100,87,0.0,1012,25,10,270,7,singapore
2018-10-13 01:00:00,27,25,0.0,10.2,6,22,10:11 AM,10:31 PM,06:48 AM,06:53 PM,23,28,28,25,12,82,88,0.0,1012,25,10,262,8,singapore
2018-10-13 02:00:00,27,25,0.0,10.2,6,22,10:11 AM,10:31 PM,06:48 AM,06:53 PM,23,28,28,25,13,65,88,0.7,1011,25,10,253,8,singapore
2018-10-13 03:00:00,27,25,0.0,10.2,6,22,10:11 AM,10:31 PM,06:48 AM,06:53 PM,23,28,28,25,13,47,89,0.9,1011,25,10,245,9,singapore
2018-10-13 04:00:00,27,25,0.0,10.2,6,22,10:11 AM,10:31 PM,06:48 AM,06:53 PM,23,28,28,25,13,48,89,0.4,1011,25,10,249,9,singapore
2018-10-13 05:00:00,27,25,0.0,10.2,6,22,10:11 AM,10:31 PM,06:48 AM,06:53 PM,23,28,28,25,12,50,89,0.0,1012,25,10,253,8,singapore
2018-10-13 06:00:00,27,25,0.0,10.2,6,22,10:11 AM,10:31 PM,06:48 AM,06:53 PM,24,29,29,26,12,51,89,0.0,1012,25,10,256,8,singapore
2018-10-13 07:00:00,27,25,0.0,10.2,6,22,10:11 AM,10:31 PM,06:48 AM,06:53 PM,24,29,29,26,16,49,86,0.0,1013,26,9,250,10,singapore
2018-10-13 08:00:00,27,25,0.0,10.2,6,22,10:11 AM,10:31 PM,06:48 AM,06:53 PM,23,30,30,27,21,46,82,1.6,1013,27,8,244,12,singapore
2018-10-13 09:00:00,27,25,0.0,10.2,6,22,10:11 AM,10:31 PM,06:48 AM,06:53 PM,23,31,31,27,26,44,79,2.1,1013,27,7,238,14,singapore
2018-10-13 10:00:00,27,25,0.0,10.2,6,22,10:11 AM,10:31 PM,06:48 AM,06:53 PM,24,31,31,27,22,50,80,1.0,1013,27,8,237,13,singapore
2018-10-13 11:00:00,27,25,0.0,10.2,6,22,10:11 AM,10:31 PM,06:48 AM,06:53 PM,24,31,31,27,18,57,80,0.0,1012,27,9,237,12,singapore
2018-10-13 12:00:00,27,25,0.0,10.2,6,22,10:11 AM,10:31 PM,06:48 AM,06:53 PM,24,31,31,27,14,63,80,0.0,1012,27,10,236,10,singapore
2018-10-13 13:00:00,27,25,0.0,10.2,6,22,10:11 AM,10:31 PM,06:48 AM,06:53 PM,24,31,31,27,12,61,80,0.0,1011,27,9,240,9,singapore
2018-10-13 14:00:00,27,25,0.0,10.2,6,22,10:11 AM,10:31 PM,06:48 AM,06:53 PM,23,31,31,27,10,59,80,1.0,1011,27,8,245,7,singapore
2018-10-13 15:00:00,27,25,0.0,10.2,6,22,10:11 AM,10:31 PM,06:48 AM,06:53 PM,23,30,30,27,8,57,79,1.3,1011,27,7,250,5,singapore
2018-10-13 16:00:00,27,25,0.0,10.2,6,22,10:11 AM,10:31 PM,06:48 AM,06:53 PM,23,30,30,27,7,55,81,0.7,1011,26,8,211,4,singapore
2018-10-13 17:00:00,27,25,0.0,10.2,6,22,10:11 AM,10:31 PM,06:48 AM,06:53 PM,23,29,29,26,6,52,83,0.0,1011,26,9,172,3,singapore
2018-10-13 18:00:00,27,25,0.0,10.2,6,22,10:11 AM,10:31 PM,06:48 AM,06:53 PM,23,29,29,26,4,49,84,0.0,1011,25,10,134,3,singapore
2018-10-13 19:00:00,27,25,0.0,10.2,6,22,10:11 AM,10:31 PM,06:48 AM,06:53 PM,23,28,28,26,4,51,84,0.0,1012,25,10,123,2,singapore
2018-10-13 20:00:00,27,25,0.0,10.2,6,22,10:11 AM,10:31 PM,06:48 AM,06:53 PM,23,28,28,26,4,53,85,0.0,1012,25,10,112,2,singapore
2018-10-13 21:00:00,27,25,0.0,10.2,6,22,10:11 AM,10:31 PM,06:48 AM,06:53 PM,23,28,28,26,4,55,85,0.0,1012,25,10,102,2,singapore
2018-10-13 22:00:00,27,25,0.0,10.2,6,22,10:11 AM,10:31 PM,06:48 AM,06:53 PM,23,28,28,26,4,70,85,0.0,1012,25,10,178,3,singapore
2018-10-13 23:00:00,27,25,0.0,10.2,6,22,10:11 AM,10:31 PM,06:48 AM,06:53 PM,23,28,28,25,5,85,86,0.0,1012,25,10,255,3,singapore
2018-10-14 00:00:00,26,24,0.0,7.4,6,29,11:01 AM,11:21 PM,06:48 AM,06:53 PM,23,28,28,25,6,100,86,0.0,1012,25,10,331,4,singapore
2018-10-14 01:00:00,26,24,0.0,7.4,6,29,11:01 AM,11:21 PM,06:48 AM,06:53 PM,23,28,28,25,6,84,87,0.0,1012,25,10,316,4,singapore
2018-10-14 02:00:00,26,24,0.0,7.4,6,29,11:01 AM,11:21 PM,06:48 AM,06:53 PM,23,28,28,25,6,69,87,0.4,1012,25,10,301,4,singapore
2018-10-14 03:00:00,26,24,0.0,7.4,6,29,11:01 AM,11:21 PM,06:48 AM,06:53 PM,23,28,28,25,6,53,88,0.6,1011,24,10,286,4,singapore
2018-10-14 04:00:00,26,24,0.0,7.4,6,29,11:01 AM,11:21 PM,06:48 AM,06:53 PM,23,28,28,25,9,69,87,0.3,1012,25,10,288,6,singapore
2018-10-14 05:00:00,26,24,0.0,7.4,6,29,11:01 AM,11:21 PM,06:48 AM,06:53 PM,23,28,28,25,12,84,86,0.0,1012,25,10,290,8,singapore
2018-10-14 06:00:00,26,24,0.0,7.4,6,29,11:01 AM,11:21 PM,06:48 AM,06:53 PM,23,28,28,25,16,100,86,0.0,1013,25,10,292,10,singapore
2018-10-14 07:00:00,26,24,0.0,7.4,6,29,11:01 AM,11:21 PM,06:48 AM,06:53 PM,23,28,28,25,16,100,85,0.0,1013,25,9,289,10,singapore
2018-10-14 08:00:00,26,24,0.0,7.4,6,29,11:01 AM,11:21 PM,06:48 AM,06:53 PM,23,28,28,26,16,100,85,1.4,1013,25,8,286,10,singapore
2018-10-14 09:00:00,26,24,0.0,7.4,6,29,11:01 AM,11:21 PM,06:48 AM,06:53 PM,23,29,29,26,16,100,85,1.9,1013,26,7,283,10,singapore
2018-10-14 10:00:00,26,24,0.0,7.4,6,29,11:01 AM,11:21 PM,06:48 AM,06:53 PM,23,28,28,26,12,97,86,1.0,1013,25,8,275,8,singapore
2018-10-14 11:00:00,26,24,0.0,7.4,6,29,11:01 AM,11:21 PM,06:48 AM,06:53 PM,23,28,28,25,8,94,88,0.0,1013,25,9,267,5,singapore
2018-10-14 12:00:00,26,24,0.0,7.4,6,29,11:01 AM,11:21 PM,06:48 AM,06:53 PM,23,28,28,25,5,90,89,0.0,1013,25,10,258,3,singapore
2018-10-14 13:00:00,26,24,0.0,7.4,6,29,11:01 AM,11:21 PM,06:48 AM,06:53 PM,23,28,28,26,4,76,86,0.0,1012,25,10,222,3,singapore
2018-10-14 14:00:00,26,24,0.0,7.4,6,29,11:01 AM,11:21 PM,06:48 AM,06:53 PM,23,29,29,26,4,62,83,0.0,1012,26,10,186,3,singapore
2018-10-14 15:00:00,26,24,0.0,7.4,6,29,11:01 AM,11:21 PM,06:48 AM,06:53 PM,23,30,30,27,3,48,79,0.0,1011,26,10,150,3,singapore
2018-10-14 16:00:00,26,24,0.0,7.4,6,29,11:01 AM,11:21 PM,06:48 AM,06:53 PM,23,29,29,26,3,62,82,0.0,1012,26,10,134,3,singapore
2018-10-14 17:00:00,26,24,0.0,7.4,6,29,11:01 AM,11:21 PM,06:48 AM,06:53 PM,23,28,28,26,3,76,85,0.0,1012,25,10,118,2,singapore
2018-10-14 18:00:00,26,24,0.0,7.4,6,29,11:01 AM,11:21 PM,06:48 AM,06:53 PM,23,28,28,25,3,90,88,0.0,1012,25,10,102,2,singapore
2018-10-14 19:00:00,26,24,0.0,7.4,6,29,11:01 AM,11:21 PM,06:48 AM,06:53 PM,23,28,28,25,4,88,88,0.0,1013,25,10,97,3,singapore
2018-10-14 20:00:00,26,24,0.0,7.4,6,29,11:01 AM,11:21 PM,06:48 AM,06:53 PM,23,28,28,25,5,86,88,0.0,1013,25,10,92,3,singapore
2018-10-14 21:00:00,26,24,0.0,7.4,6,29,11:01 AM,11:21 PM,06:48 AM,06:53 PM,23,28,28,25,6,83,88,0.0,1013,25,10,86,4,singapore
2018-10-14 22:00:00,26,24,0.0,7.4,6,29,11:01 AM,11:21 PM,06:48 AM,06:53 PM,23,28,28,25,5,76,88,0.0,1013,25,10,58,3,singapore
2018-10-14 23:00:00,26,24,0.0,7.4,6,29,11:01 AM,11:21 PM,06:48 AM,06:53 PM,23,28,28,25,3,68,88,0.0,1013,24,10,30,2,singapore
2018-10-15 00:00:00,31,24,0.0,10.2,7,36,11:51 AM,No moonset,06:48 AM,06:53 PM,23,28,28,25,1,60,88,0.0,1013,24,10,2,1,singapore
2018-10-15 01:00:00,31,24,0.0,10.2,7,36,11:51 AM,No moonset,06:48 AM,06:53 PM,23,28,28,25,2,58,89,0.0,1012,24,10,9,1,singapore
2018-10-15 02:00:00,31,24,0.0,10.2,7,36,11:51 AM,No moonset,06:48 AM,06:53 PM,23,27,27,25,2,55,89,0.0,1012,24,10,16,1,singapore
2018-10-15 03:00:00,31,24,0.0,10.2,7,36,11:51 AM,No moonset,06:48 AM,06:53 PM,23,27,27,25,3,53,89,0.0,1012,24,10,22,2,singapore
2018-10-15 04:00:00,31,24,0.0,10.2,7,36,11:51 AM,No moonset,06:48 AM,06:53 PM,23,28,28,25,2,56,88,0.0,1012,25,10,102,2,singapore
2018-10-15 05:00:00,31,24,0.0,10.2,7,36,11:51 AM,No moonset,06:48 AM,06:53 PM,23,29,29,26,2,59,86,0.0,1012,25,10,182,1,singapore
2018-10-15 06:00:00,31,24,0.0,10.2,7,36,11:51 AM,No moonset,06:48 AM,06:53 PM,24,30,30,26,1,62,85,0.0,1012,26,10,262,1,singapore
2018-10-15 07:00:00,31,24,0.0,10.2,7,36,11:51 AM,No moonset,06:48 AM,06:53 PM,24,32,32,28,3,68,79,0.0,1012,27,10,240,2,singapore
2018-10-15 08:00:00,31,24,0.0,10.2,7,36,11:51 AM,No moonset,06:48 AM,06:53 PM,24,34,34,29,4,73,73,0.0,1012,29,10,217,3,singapore
2018-10-15 09:00:00,31,24,0.0,10.2,7,36,11:51 AM,No moonset,06:48 AM,06:53 PM,24,36,36,31,5,78,66,0.0,1012,30,10,194,4,singapore
2018-10-15 10:00:00,31,24,0.0,10.2,7,36,11:51 AM,No moonset,06:48 AM,06:53 PM,24,36,36,31,7,63,66,0.0,1012,30,10,186,6,singapore
2018-10-15 11:00:00,31,24,0.0,10.2,7,36,11:51 AM,No moonset,06:48 AM,06:53 PM,24,36,36,31,9,48,67,0.0,1011,31,10,177,8,singapore
2018-10-15 12:00:00,31,24,0.0,10.2,7,36,11:51 AM,No moonset,06:48 AM,06:53 PM,24,37,37,31,11,33,67,0.0,1011,31,10,169,10,singapore
2018-10-15 13:00:00,31,24,0.0,10.2,7,36,11:51 AM,No moonset,06:48 AM,06:53 PM,24,36,36,30,13,37,69,0.0,1010,30,8,159,9,singapore
2018-10-15 14:00:00,31,24,0.0,10.2,7,36,11:51 AM,No moonset,06:48 AM,06:53 PM,24,35,35,30,16,42,71,2.9,1010,29,5,150,9,singapore
2018-10-15 15:00:00,31,24,0.0,10.2,7,36,11:51 AM,No moonset,06:48 AM,06:53 PM,24,34,34,29,18,46,74,3.9,1010,29,3,141,9,singapore
2018-10-15 16:00:00,31,24,0.0,10.2,7,36,11:51 AM,No moonset,06:48 AM,06:53 PM,24,33,33,29,14,45,75,2.0,1010,28,5,126,7,singapore
2018-10-15 17:00:00,31,24,0.0,10.2,7,36,11:51 AM,No moonset,06:48 AM,06:53 PM,23,32,32,28,11,45,76,0.0,1010,28,8,112,6,singapore
2018-10-15 18:00:00,31,24,0.0,10.2,7,36,11:51 AM,No moonset,06:48 AM,06:53 PM,23,31,31,27,7,44,77,0.0,1011,27,10,98,4,singapore
2018-10-15 19:00:00,31,24,0.0,10.2,7,36,11:51 AM,No moonset,06:48 AM,06:53 PM,23,31,31,27,8,38,78,0.0,1011,27,10,92,5,singapore
2018-10-15 20:00:00,31,24,0.0,10.2,7,36,11:51 AM,No moonset,06:48 AM,06:53 PM,23,30,30,27,9,31,80,0.0,1012,27,10,87,6,singapore
2018-10-15 21:00:00,31,24,0.0,10.2,7,36,11:51 AM,No moonset,06:48 AM,06:53 PM,23,30,30,27,10,25,81,0.0,1012,26,10,82,6,singapore
2018-10-15 22:00:00,31,24,0.0,10.2,7,36,11:51 AM,No moonset,06:48 AM,06:53 PM,24,30,30,27,9,22,82,0.0,1012,26,10,95,6,singapore
2018-10-15 23:00:00,31,24,0.0,10.2,7,36,11:51 AM,No moonset,06:48 AM,06:53 PM,24,30,30,27,8,18,83,0.0,1012,26,10,109,5,singapore
2018-10-16 00:00:00,31,25,0.0,11.6,7,44,12:40 PM,12:10 AM,06:48 AM,06:53 PM,24,31,31,27,7,15,84,0.0,1012,26,10,122,4,singapore
2018-10-16 01:00:00,31,25,0.0,11.6,7,44,12:40 PM,12:10 AM,06:48 AM,06:53 PM,24,30,30,27,6,15,84,0.0,1012,26,10,119,4,singapore
2018-10-16 02:00:00,31,25,0.0,11.6,7,44,12:40 PM,12:10 AM,06:48 AM,06:53 PM,24,30,30,27,4,15,85,0.1,1011,25,9,116,3,singapore
2018-10-16 03:00:00,31,25,0.0,11.6,7,44,12:40 PM,12:10 AM,06:48 AM,06:53 PM,24,30,30,27,3,15,85,0.1,1011,25,9,113,2,singapore
2018-10-16 04:00:00,31,25,0.0,11.6,7,44,12:40 PM,12:10 AM,06:48 AM,06:53 PM,24,31,31,27,3,15,83,0.1,1011,26,9,98,3,singapore
2018-10-16 05:00:00,31,25,0.0,11.6,7,44,12:40 PM,12:10 AM,06:48 AM,06:53 PM,24,32,32,28,4,16,82,0.0,1012,26,10,83,3,singapore
2018-10-16 06:00:00,31,25,0.0,11.6,7,44,12:40 PM,12:10 AM,06:48 AM,06:53 PM,24,33,33,28,4,16,80,0.0,1012,27,10,69,3,singapore
2018-10-16 07:00:00,31,25,0.0,11.6,7,44,12:40 PM,12:10 AM,06:48 AM,06:53 PM,24,34,34,29,6,18,73,0.0,1012,28,10,90,5,singapore
2018-10-16 08:00:00,31,25,0.0,11.6,7,44,12:40 PM,12:10 AM,06:48 AM,06:53 PM,23,35,35,30,8,19,66,0.2,1012,30,9,112,6,singapore
2018-10-16 09:00:00,31,25,0.0,11.6,7,44,12:40 PM,12:10 AM,06:48 AM,06:53 PM,23,36,36,32,10,21,59,0.3,1012,31,9,133,8,singapore
2018-10-16 10:00:00,31,25,0.0,11.6,7,44,12:40 PM,12:10 AM,06:48 AM,06:53 PM,23,36,36,32,9,28,59,0.2,1012,31,9,141,8,singapore
2018-10-16 11:00:00,31,25,0.0,11.6,7,44,12:40 PM,12:10 AM,06:48 AM,06:53 PM,23,36,36,32,9,35,59,0.0,1012,31,10,148,8,singapore
2018-10-16 12:00:00,31,25,0.0,11.6,7,44,12:40 PM,12:10 AM,06:48 AM,06:53 PM,23,36,36,32,9,41,59,0.0,1011,31,10,156,8,singapore
2018-10-16 13:00:00,31,25,0.0,11.6,7,44,12:40 PM,12:10 AM,06:48 AM,06:53 PM,23,36,36,31,9,37,61,0.0,1011,31,9,148,7,singapore
2018-10-16 14:00:00,31,25,0.0,11.6,7,44,12:40 PM,12:10 AM,06:48 AM,06:53 PM,23,35,35,31,10,33,63,0.9,1010,30,8,140,7,singapore
2018-10-16 15:00:00,31,25,0.0,11.6,7,44,12:40 PM,12:10 AM,06:48 AM,06:53 PM,23,34,34,30,11,29,66,1.2,1010,30,7,132,7,singapore
2018-10-16 16:00:00,31,25,0.0,11.6,7,44,12:40 PM,12:10 AM,06:48 AM,06:53 PM,23,33,33,29,8,32,70,0.6,1010,29,8,148,5,singapore
2018-10-16 17:00:00,31,25,0.0,11.6,7,44,12:40 PM,12:10 AM,06:48 AM,06:53 PM,23,32,32,28,5,35,74,0.0,1010,28,9,164,3,singapore
2018-10-16 18:00:00,31,25,0.0,11.6,7,44,12:40 PM,12:10 AM,06:48 AM,06:53 PM,23,31,31,27,2,38,78,0.0,1011,27,10,180,1,singapore
2018-10-16 19:00:00,31,25,0.0,11.6,7,44,12:40 PM,12:10 AM,06:48 AM,06:53 PM,23,30,30,27,3,35,79,0.0,1011,27,10,209,2,singapore
2018-10-16 20:00:00,31,25,0.0,11.6,7,44,12:40 PM,12:10 AM,06:48 AM,06:53 PM,23,30,30,27,4,31,79,0.0,1012,26,10,239,2,singapore
2018-10-16 21:00:00,31,25,0.0,11.6,7,44,12:40 PM,12:10 AM,06:48 AM,06:53 PM,23,30,30,27,4,28,80,0.0,1012,26,10,268,3,singapore
2018-10-16 22:00:00,31,25,0.0,11.6,7,44,12:40 PM,12:10 AM,06:48 AM,06:53 PM,23,30,30,27,5,33,81,0.0,1012,26,10,277,3,singapore
2018-10-16 23:00:00,31,25,0.0,11.6,7,44,12:40 PM,12:10 AM,06:48 AM,06:53 PM,23,30,30,27,7,38,82,0.0,1012,26,10,285,4,singapore
2018-10-17 00:00:00,31,25,0.0,11.6,7,51,01:29 PM,12:59 AM,06:47 AM,06:52 PM,23,29,29,26,8,43,83,0.0,1012,26,10,294,5,singapore
2018-10-17 01:00:00,31,25,0.0,11.6,7,51,01:29 PM,12:59 AM,06:47 AM,06:52 PM,23,29,29,26,8,44,83,0.0,1011,26,10,292,5,singapore
2018-10-17 02:00:00,31,25,0.0,11.6,7,51,01:29 PM,12:59 AM,06:47 AM,06:52 PM,23,29,29,26,9,45,83,0.0,1011,25,10,291,5,singapore
2018-10-17 03:00:00,31,25,0.0,11.6,7,51,01:29 PM,12:59 AM,06:47 AM,06:52 PM,23,29,29,26,9,46,82,0.0,1011,25,10,289,5,singapore
2018-10-17 04:00:00,31,25,0.0,11.6,7,51,01:29 PM,12:59 AM,06:47 AM,06:52 PM,23,29,29,26,8,46,81,0.0,1011,26,10,293,5,singapore
2018-10-17 05:00:00,31,25,0.0,11.6,7,51,01:29 PM,12:59 AM,06:47 AM,06:52 PM,23,30,30,27,7,46,80,0.0,1011,26,10,297,5,singapore
2018-10-17 06:00:00,31,25,0.0,11.6,7,51,01:29 PM,12:59 AM,06:47 AM,06:52 PM,23,31,31,27,6,46,79,0.0,1012,27,10,300,5,singapore
2018-10-17 07:00:00,31,25,0.0,11.6,7,51,01:29 PM,12:59 AM,06:47 AM,06:52 PM,23,33,33,29,7,40,72,0.0,1012,28,10,281,6,singapore
2018-10-17 08:00:00,31,25,0.0,11.6,7,51,01:29 PM,12:59 AM,06:47 AM,06:52 PM,23,35,35,30,8,34,65,0.1,1012,30,9,261,6,singapore
2018-10-17 09:00:00,31,25,0.0,11.6,7,51,01:29 PM,12:59 AM,06:47 AM,06:52 PM,23,37,37,32,8,29,59,0.1,1012,31,9,242,7,singapore
2018-10-17 10:00:00,31,25,0.0,11.6,7,51,01:29 PM,12:59 AM,06:47 AM,06:52 PM,23,37,37,32,9,28,61,0.0,1011,31,9,239,8,singapore
2018-10-17 11:00:00,31,25,0.0,11.6,7,51,01:29 PM,12:59 AM,06:47 AM,06:52 PM,23,36,36,31,9,28,63,0.0,1011,31,10,237,8,singapore
2018-10-17 12:00:00,31,25,0.0,11.6,7,51,01:29 PM,12:59 AM,06:47 AM,06:52 PM,24,36,36,31,10,28,65,0.0,1010,31,10,234,8,singapore
2018-10-17 13:00:00,31,25,0.0,11.6,7,51,01:29 PM,12:59 AM,06:47 AM,06:52 PM,24,36,36,31,11,26,66,0.0,1009,30,8,232,8,singapore
2018-10-17 14:00:00,31,25,0.0,11.6,7,51,01:29 PM,12:59 AM,06:47 AM,06:52 PM,24,35,35,30,13,24,67,2.7,1009,30,5,229,8,singapore
2018-10-17 15:00:00,31,25,0.0,11.6,7,51,01:29 PM,12:59 AM,06:47 AM,06:52 PM,24,35,35,30,15,22,68,3.6,1008,30,3,226,7,singapore
2018-10-17 16:00:00,31,25,0.0,11.6,7,51,01:29 PM,12:59 AM,06:47 AM,06:52 PM,23,34,34,29,12,23,70,1.8,1009,29,5,237,6,singapore
2018-10-17 17:00:00,31,25,0.0,11.6,7,51,01:29 PM,12:59 AM,06:47 AM,06:52 PM,23,32,32,28,9,24,73,0.0,1009,28,8,248,5,singapore
2018-10-17 18:00:00,31,25,0.0,11.6,7,51,01:29 PM,12:59 AM,06:47 AM,06:52 PM,23,31,31,28,6,26,76,0.0,1009,27,10,259,4,singapore
2018-10-17 19:00:00,31,25,0.0,11.6,7,51,01:29 PM,12:59 AM,06:47 AM,06:52 PM,23,31,31,27,6,26,76,0.0,1010,27,10,251,4,singapore
2018-10-17 20:00:00,31,25,0.0,11.6,7,51,01:29 PM,12:59 AM,06:47 AM,06:52 PM,23,31,31,27,7,26,77,0.0,1010,27,10,243,4,singapore
2018-10-17 21:00:00,31,25,0.0,11.6,7,51,01:29 PM,12:59 AM,06:47 AM,06:52 PM,23,30,30,27,7,26,77,0.0,1011,27,10,234,4,singapore
2018-10-17 22:00:00,31,25,0.0,11.6,7,51,01:29 PM,12:59 AM,06:47 AM,06:52 PM,23,30,30,27,7,33,78,0.0,1010,27,10,249,4,singapore
2018-10-17 23:00:00,31,25,0.0,11.6,7,51,01:29 PM,12:59 AM,06:47 AM,06:52 PM,23,30,30,27,7,40,79,0.0,1010,26,10,263,5,singapore
2018-10-18 00:00:00,28,25,0.0,7.4,7,58,02:15 PM,01:47 AM,06:47 AM,06:52 PM,23,30,30,27,7,47,79,0.0,1010,26,10,278,5,singapore
2018-10-18 01:00:00,28,25,0.0,7.4,7,58,02:15 PM,01:47 AM,06:47 AM,06:52 PM,23,30,30,27,10,46,81,0.0,1010,26,10,286,6,singapore
2018-10-18 02:00:00,28,25,0.0,7.4,7,58,02:15 PM,01:47 AM,06:47 AM,06:52 PM,23,29,29,26,12,45,82,0.6,1009,26,10,293,7,singapore
2018-10-18 03:00:00,28,25,0.0,7.4,7,58,02:15 PM,01:47 AM,06:47 AM,06:52 PM,23,29,29,26,14,45,84,0.8,1009,25,10,301,8,singapore
2018-10-18 04:00:00,28,25,0.0,7.4,7,58,02:15 PM,01:47 AM,06:47 AM,06:52 PM,23,29,29,26,16,62,85,0.4,1010,25,10,290,10,singapore
2018-10-18 05:00:00,28,25,0.0,7.4,7,58,02:15 PM,01:47 AM,06:47 AM,06:52 PM,23,28,28,26,18,79,85,0.0,1011,25,10,279,11,singapore
2018-10-18 06:00:00,28,25,0.0,7.4,7,58,02:15 PM,01:47 AM,06:47 AM,06:52 PM,23,28,28,25,20,96,86,0.0,1011,25,10,268,13,singapore
2018-10-18 07:00:00,28,25,0.0,7.4,7,58,02:15 PM,01:47 AM,06:47 AM,06:52 PM,23,29,29,26,20,80,85,0.0,1012,26,9,253,12,singapore
2018-10-18 08:00:00,28,25,0.0,7.4,7,58,02:15 PM,01:47 AM,06:47 AM,06:52 PM,24,30,30,27,20,63,83,2.2,1012,26,8,238,11,singapore
2018-10-18 09:00:00,28,25,0.0,7.4,7,58,02:15 PM,01:47 AM,06:47 AM,06:52 PM,24,31,31,27,20,47,82,2.9,1012,27,7,223,10,singapore
2018-10-18 10:00:00,28,25,0.0,7.4,7,58,02:15 PM,01:47 AM,06:47 AM,06:52 PM,24,31,31,27,17,65,80,1.4,1012,27,8,229,9,singapore
2018-10-18 11:00:00,28,25,0.0,7.4,7,58,02:15 PM,01:47 AM,06:47 AM,06:52 PM,23,31,31,28,14,82,78,0.0,1011,27,9,235,8,singapore
2018-10-18 12:00:00,28,25,0.0,7.4,7,58,02:15 PM,01:47 AM,06:47 AM,06:52 PM,23,31,31,28,10,100,76,0.0,1011,27,10,242,7,singapore
2018-10-18 13:00:00,28,25,0.0,7.4,7,58,02:15 PM,01:47 AM,06:47 AM,06:52 PM,23,31,31,28,8,99,75,0.0,1011,28,7,213,6,singapore
2018-10-18 14:00:00,28,25,0.0,7.4,7,58,02:15 PM,01:47 AM,06:47 AM,06:52 PM,23,31,31,28,7,97,74,0.1,1010,28,5,184,5,singapore
2018-10-18 15:00:00,28,25,0.0,7.4,7,58,02:15 PM,01:47 AM,06:47 AM,06:52 PM,23,31,31,28,5,96,73,0.1,1010,28,2,156,4,singapore
2018-10-18 16:00:00,28,25,0.0,7.4,7,58,02:15 PM,01:47 AM,06:47 AM,06:52 PM,22,30,30,27,5,91,74,0.1,1011,27,5,148,4,singapore
2018-10-18 17:00:00,28,25,0.0,7.4,7,58,02:15 PM,01:47 AM,06:47 AM,06:52 PM,22,30,30,27,5,85,76,0.0,1011,26,7,141,3,singapore
2018-10-18 18:00:00,28,25,0.0,7.4,7,58,02:15 PM,01:47 AM,06:47 AM,06:52 PM,22,29,29,26,6,80,78,0.0,1012,26,10,133,3,singapore
2018-10-18 19:00:00,28,25,0.0,7.4,7,58,02:15 PM,01:47 AM,06:47 AM,06:52 PM,22,29,29,26,6,69,79,0.0,1012,26,10,122,4,singapore
2018-10-18 20:00:00,28,25,0.0,7.4,7,58,02:15 PM,01:47 AM,06:47 AM,06:52 PM,22,28,28,26,7,58,80,0.0,1012,26,10,111,4,singapore
2018-10-18 21:00:00,28,25,0.0,7.4,7,58,02:15 PM,01:47 AM,06:47 AM,06:52 PM,22,28,28,26,7,47,81,0.0,1012,25,10,100,4,singapore
2018-10-18 22:00:00,28,25,0.0,7.4,7,58,02:15 PM,01:47 AM,06:47 AM,06:52 PM,22,28,28,26,6,45,82,0.0,1012,25,10,106,4,singapore
2018-10-18 23:00:00,28,25,0.0,7.4,7,58,02:15 PM,01:47 AM,06:47 AM,06:52 PM,23,28,28,26,6,43,84,0.0,1012,25,10,113,3,singapore
2018-10-19 00:00:00,32,24,0.0,11.6,7,66,03:01 PM,02:34 AM,06:47 AM,06:52 PM,23,28,28,26,5,41,85,0.0,1012,25,10,120,3,singapore
2018-10-19 01:00:00,32,24,0.0,11.6,7,66,03:01 PM,02:34 AM,06:47 AM,06:52 PM,23,28,28,25,5,40,86,0.0,1012,25,10,141,3,singapore
2018-10-19 02:00:00,32,24,0.0,11.6,7,66,03:01 PM,02:34 AM,06:47 AM,06:52 PM,23,28,28,25,5,39,86,0.0,1011,25,10,163,3,singapore
2018-10-19 03:00:00,32,24,0.0,11.6,7,66,03:01 PM,02:34 AM,06:47 AM,06:52 PM,23,28,28,25,6,38,87,0.0,1011,24,10,185,4,singapore
2018-10-19 04:00:00,32,24,0.0,11.6,7,66,03:01 PM,02:34 AM,06:47 AM,06:52 PM,23,28,28,26,6,35,85,0.0,1011,25,10,209,4,singapore
2018-10-19 05:00:00,32,24,0.0,11.6,7,66,03:01 PM,02:34 AM,06:47 AM,06:52 PM,23,29,29,26,7,32,83,0.0,1011,25,10,234,5,singapore
2018-10-19 06:00:00,32,24,0.0,11.6,7,66,03:01 PM,02:34 AM,06:47 AM,06:52 PM,23,30,30,27,7,29,82,0.0,1012,26,10,258,6,singapore
2018-10-19 07:00:00,32,24,0.0,11.6,7,66,03:01 PM,02:34 AM,06:47 AM,06:52 PM,23,31,31,28,8,27,75,0.0,1012,27,10,250,7,singapore
2018-10-19 08:00:00,32,24,0.0,11.6,7,66,03:01 PM,02:34 AM,06:47 AM,06:52 PM,23,33,33,29,10,25,68,0.0,1012,29,10,243,8,singapore
2018-10-19 09:00:00,32,24,0.0,11.6,7,66,03:01 PM,02:34 AM,06:47 AM,06:52 PM,23,35,35,31,11,23,61,0.0,1012,30,10,235,10,singapore
2018-10-19 10:00:00,32,24,0.0,11.6,7,66,03:01 PM,02:34 AM,06:47 AM,06:52 PM,22,35,35,31,12,22,60,0.0,1011,31,10,235,11,singapore
2018-10-19 11:00:00,32,24,0.0,11.6,7,66,03:01 PM,02:34 AM,06:47 AM,06:52 PM,22,36,36,32,13,22,58,0.0,1011,31,10,234,12,singapore
2018-10-19 12:00:00,32,24,0.0,11.6,7,66,03:01 PM,02:34 AM,06:47 AM,06:52 PM,22,36,36,32,15,21,56,0.0,1010,32,10,234,13,singapore
2018-10-19 13:00:00,32,24,0.0,11.6,7,66,03:01 PM,02:34 AM,06:47 AM,06:52 PM,22,36,36,32,13,22,56,0.0,1010,32,10,231,11,singapore
2018-10-19 14:00:00,32,24,0.0,11.6,7,66,03:01 PM,02:34 AM,06:47 AM,06:52 PM,22,36,36,32,11,22,57,0.0,1009,31,10,228,10,singapore
2018-10-19 15:00:00,32,24,0.0,11.6,7,66,03:01 PM,02:34 AM,06:47 AM,06:52 PM,22,36,36,32,10,23,57,0.0,1009,31,10,225,9,singapore
2018-10-19 16:00:00,32,24,0.0,11.6,7,66,03:01 PM,02:34 AM,06:47 AM,06:52 PM,22,34,34,30,9,22,62,0.0,1009,30,10,236,7,singapore
2018-10-19 17:00:00,32,24,0.0,11.6,7,66,03:01 PM,02:34 AM,06:47 AM,06:52 PM,23,33,33,29,9,22,67,0.0,1010,29,10,246,6,singapore
2018-10-19 18:00:00,32,24,0.0,11.6,7,66,03:01 PM,02:34 AM,06:47 AM,06:52 PM,23,31,31,28,8,21,73,0.0,1011,28,10,256,5,singapore
2018-10-19 19:00:00,32,24,0.0,11.6,7,66,03:01 PM,02:34 AM,06:47 AM,06:52 PM,23,31,31,28,6,24,74,0.0,1011,27,10,244,4,singapore
2018-10-19 20:00:00,32,24,0.0,11.6,7,66,03:01 PM,02:34 AM,06:47 AM,06:52 PM,23,31,31,28,5,26,75,0.0,1012,27,10,231,3,singapore
2018-10-19 21:00:00,32,24,0.0,11.6,7,66,03:01 PM,02:34 AM,06:47 AM,06:52 PM,23,30,30,27,3,29,76,0.0,1012,27,10,218,2,singapore
2018-10-19 22:00:00,32,24,0.0,11.6,7,66,03:01 PM,02:34 AM,06:47 AM,06:52 PM,23,30,30,27,4,29,76,0.0,1012,27,10,234,3,singapore
2018-10-19 23:00:00,32,24,0.0,11.6,7,66,03:01 PM,02:34 AM,06:47 AM,06:52 PM,23,30,30,27,5,30,76,0.0,1012,26,10,250,3,singapore
